participant,Block,method,taskNr,condition,code,estimateRatio-Percentage,size1,size2,headPosition,headRotation,time
1,1,ratioPercentage,0,Area,0.73,42,0.70080000000,0.96,0.008984327;1.095092;0.04885918,0.2492249;0.01678222;0.003783813,14129.87
1,1,ratioPercentage,1,Area,0.53,35,0.55120000000,1.04,0.0139454;1.09071;0.04680294,0.2639098;0.02703681;0.001779441,12856.79
1,1,ratioPercentage,2,Area,0.38,20,0.36860000000,0.97,0.01335204;1.089734;0.04462624,0.2692672;0.02100799;0.0003763648,10991.04
1,1,ratioPercentage,3,Area,0.43,25,0.44720000000,1.04,0.01627624;1.091485;0.04495931,0.2620445;0.0280325;-0.002966532,10086.19
1,1,ratioPercentage,4,Area,0.93,94,0.96720000000,1.04,0.01603556;1.093731;0.04344475,0.2551726;0.02739359;-0.002586373,13336.73
1,1,ratioPercentage,5,Area,0.48,34,0.48000000000,1,0.01513302;1.094942;0.04329842,0.2518634;0.02595746;-0.001897376,6925.273
1,1,ratioPercentage,6,Area,0.33,11,0.31350000000,0.95,0.01498568;1.094978;0.04311317,0.2516906;0.02576619;-0.0007489585,9505.367
1,1,ratioPercentage,7,Area,0.28,9,0.28840000000,1.03,0.0130465;1.097105;0.04158145,0.2422696;0.01904792;0.00386261,11918.34
1,1,ratioPercentage,8,Area,0.68,45,0.70720000000,1.04,0.01343131;1.098351;0.04151624,0.2397343;0.0169652;0.003335141,19558.25
1,1,ratioPercentage,9,Area,0.88,97,0.85360000000,0.97,0.01388162;1.095888;0.04217732,0.2458615;0.019706;0.001036318,11683.63
1,1,ratioPercentage,10,Area,0.63,21,0.61740000000,0.98,0.01365697;1.09676;0.04212725,0.2433319;0.01857549;0.001772247,8031.313
1,1,ratioPercentage,11,Area,0.23,5,0.21850000000,0.95,0.01332837;1.100378;0.04007995,0.2319606;0.01899834;0.003119039,10767.91
1,1,ratioPercentage,12,Area,0.58,17,0.57419994200,0.9899999,0.01382977;1.100933;0.03832722,0.2317444;0.0180742;0.0008720151,7360.266
1,1,ratioPercentage,13,Area,0.83,96,0.83000000000,1,0.01372772;1.095317;0.03747571,0.2515069;0.01726291;0.005397385,10924.63
1,1,ratioPercentage,14,Area,0.13,5,0.13520000000,1.04,0.01417488;1.101681;0.0368259,0.2305764;0.01537426;0.003441636,8991.453
1,1,ratioPercentage,15,Area,0.78,88,0.77219992200,0.9899999,0.01496148;1.100153;0.03741145,0.2342752;0.01532555;0.002151754,15168.33
1,1,ratioPercentage,16,Area,0.08,2,0.08000000000,1,0.01431614;1.099657;0.03889883,0.235672;0.01463951;0.00259348,8634.516
1,1,ratioPercentage,17,Area,0.18,6,0.18720000000,1.04,0.0160358;1.099291;0.03754127,0.2365751;0.01926133;-0.001837535,12800.39
1,2,ratioPercentage,0,BarChart,0.48,46,0.48960000000,1.02,0.01338601;1.08862;0.03986657,0.2704113;0.009030655;0.005983087,4948.219
1,2,ratioPercentage,1,BarChart,0.53,51,0.53000000000,1,0.01227343;1.093512;0.03875446,0.2543128;0.008916742;0.005034921,9092.344
1,2,ratioPercentage,2,BarChart,0.23,19,0.21850000000,0.95,0.01412499;1.095794;0.03664541,0.2483677;0.01120936;0.003283237,8467.109
1,2,ratioPercentage,3,BarChart,0.28,22,0.26880000000,0.96,0.01553237;1.096525;0.03630078,0.2453022;0.01175005;0.002038657,9326.719
1,2,ratioPercentage,4,BarChart,0.58,67,0.55100000000,0.95,0.01535422;1.09879;0.03556371,0.2373446;0.01202842;0.002176673,6891.688
1,2,ratioPercentage,5,BarChart,0.78,81,0.78000000000,1,0.01590502;1.09882;0.03598392,0.2370021;0.01275051;0.001209379,8891
1,2,ratioPercentage,6,BarChart,0.88,90,0.90640000000,1.03,0.01575196;1.100053;0.0357641,0.2328494;0.01253674;0.002361089,9270.813
1,2,ratioPercentage,7,BarChart,0.93,96,0.90210000000,0.97,0.01655203;1.102286;0.03452694,0.2249929;0.01430593;0.0003796725,8321.5
1,2,ratioPercentage,8,BarChart,0.18,13,0.17100000000,0.95,0.01697409;1.098416;0.03550041,0.2379623;0.01416671;0.0006507016,8790.781
1,2,ratioPercentage,9,BarChart,0.13,7,0.13390000000,1.03,0.01613331;1.092808;0.03675449,0.256326;0.0131968;0.0004719906,10465.97
1,2,ratioPercentage,10,BarChart,0.68,77,0.67319993200,0.9899999,0.01463199;1.095527;0.03542423,0.246261;0.0111347;0.002996349,8031.344
1,2,ratioPercentage,11,BarChart,0.08,7,0.08240000000,1.03,0.01506716;1.097294;0.03592706,0.2423341;0.009526352;0.0027542,13023.69
1,2,ratioPercentage,12,BarChart,0.63,69,0.64890000000,1.03,0.01799893;1.09984;0.03107452,0.2347553;0.01598313;-0.002500114,5573.938
1,2,ratioPercentage,13,BarChart,0.38,45,0.38380000000,1.01,0.01950759;1.096977;0.02981973,0.2450559;0.01675337;-0.001243153,5316.969
1,2,ratioPercentage,14,BarChart,0.33,42,0.32340000000,0.98,0.01904893;1.102334;0.02821982,0.2274931;0.01752772;-0.003642204,10789.72
1,2,ratioPercentage,15,BarChart,0.83,90,0.86320000000,1.04,0.01786435;1.102575;0.03081381,0.2239341;0.01419159;-0.005344721,9036.594
1,2,ratioPercentage,16,BarChart,0.73,80,0.69350000000,0.95,0.01554298;1.105734;0.02861571,0.2114847;0.01095558;-0.003213936,12153.09
1,2,ratioPercentage,17,BarChart,0.43,43,0.40850000000,0.95,0.01223016;1.095286;0.03124726,0.248443;0.004694974;0.006582079,4512.125
1,3,ratioPercentage,0,Length,0.28,24,0.29120000000,1.04,0.01710004;1.102328;0.02784681,0.2252847;0.00579869;-0.003907569,15291.47
1,3,ratioPercentage,1,Length,0.83,86,0.78850000000,0.95,0.01812953;1.105175;0.02623594,0.2159928;0.006720609;-0.004029615,10365.44
1,3,ratioPercentage,2,Length,0.08,7,0.07919999200,0.9899999,0.01752454;1.106072;0.02633715,0.2130788;0.00569375;-0.00251467,9952.469
1,3,ratioPercentage,3,Length,0.43,25,0.43000000000,1,0.01744407;1.100766;0.02491999,0.2315237;0.007559973;-0.003893576,11906.94
1,3,ratioPercentage,4,Length,0.38,20,0.36480000000,0.96,0.01692861;1.10667;0.02324772,0.2115315;0.005454763;-0.001258967,8556.375
1,3,ratioPercentage,5,Length,0.33,22,0.31350000000,0.95,0.01776379;1.102536;0.02905035,0.2223973;0.006546583;0.006973751,14319.56
1,3,ratioPercentage,6,Length,0.53,44,0.53530000000,1.01,0.01685679;1.1054;0.02794838,0.2154948;0.006051263;0.005392292,14129.66
1,3,ratioPercentage,7,Length,0.13,8,0.13130000000,1.01,0.0183112;1.104152;0.0266825,0.2233313;0.006380458;0.00147701,10555.16
1,3,ratioPercentage,8,Length,0.48,45,0.49440000000,1.03,0.0190469;1.106133;0.02597535,0.2141206;0.007090375;0.0003702094,7014.906
1,3,ratioPercentage,9,Length,0.78,89,0.81120000000,1.04,0.01857412;1.100938;0.0272758,0.2324085;0.005854502;0.002243307,14096.47
1,3,ratioPercentage,10,Length,0.68,76,0.68680000000,1.01,0.0197857;1.102968;0.02572179,0.2253251;0.007642094;-0.0003747554,12275.38
1,3,ratioPercentage,11,Length,0.93,90,0.95790000000,1.03,0.01963747;1.098621;0.0271194,0.2383798;0.008024399;-0.001091225,10622.69
1,3,ratioPercentage,12,Length,0.73,84,0.70080000000,0.96,0.02000999;1.102222;0.02727342,0.2264869;0.007491674;-0.002091737,14062.81
1,3,ratioPercentage,13,Length,0.58,48,0.55100000000,0.95,0.02047873;1.089188;0.0342164,0.2506553;0.005245048;-0.003246934,16732.38
1,3,ratioPercentage,14,Length,0.18,9,0.17460000000,0.97,0.01510388;1.096177;0.02864027,0.2367209;0.03445878;-0.003439418,11024.44
1,3,ratioPercentage,15,Length,0.88,81,0.88000000000,1,0.01510775;1.096253;0.02671731,0.2357624;0.03099326;-0.003078057,9416.313
1,3,ratioPercentage,16,Length,0.63,73,0.64260000000,1.02,0.01497561;1.095465;0.02850151,0.2374518;0.0207468;-0.00017003,10309.88
1,3,ratioPercentage,17,Length,0.23,10,0.23230000000,1.01,0.01694751;1.097707;0.02820325,0.2313036;0.02303035;-0.003164324,14498.31
2,1,ratioPercentage,0,BarChart,0.78,84,0.76440000000,0.98,-0.07772624;1.112736;0.08669388,0.3641738;0.04752368;0.09153994,10935.72
2,1,ratioPercentage,1,BarChart,0.43,40,0.44290000000,1.03,-0.08213472;1.113443;0.07690167,0.3695424;0.02384545;0.08771603,6869.117
2,1,ratioPercentage,2,BarChart,0.53,50,0.50880000000,0.96,-0.08401859;1.110726;0.07707328,0.3753086;0.0173094;0.08749532,3976.66
2,1,ratioPercentage,3,BarChart,0.58,50,0.56840000000,0.98,-0.08494592;1.111801;0.07818848,0.3721308;0.01534993;0.09102494,4054.496
2,1,ratioPercentage,4,BarChart,0.93,90,0.88350000000,0.95,-0.08690715;1.112349;0.07819092,0.3704282;0.01315255;0.09305026,10138.29
2,1,ratioPercentage,5,BarChart,0.13,10,0.13000000000,1,-0.08542693;1.121326;0.07355267,0.3417077;0.02166112;0.08651467,7822.523
2,1,ratioPercentage,6,BarChart,0.23,20,0.22540000000,0.98,-0.08452249;1.121843;0.07281625,0.3401715;0.02447486;0.08994032,10868.31
2,1,ratioPercentage,7,BarChart,0.63,60,0.63000000000,1,-0.08130074;1.127264;0.0720492,0.32748;0.03291627;0.06905482,4568.281
2,1,ratioPercentage,8,BarChart,0.28,26,0.27160000000,0.97,-0.08169246;1.127028;0.07180095,0.3270126;0.03297582;0.07112003,12175.33
2,1,ratioPercentage,9,BarChart,0.48,45,0.47519995200,0.9899999,-0.08202851;1.125519;0.07146078,0.3360548;0.03640263;0.07425904,5662.969
2,1,ratioPercentage,10,BarChart,0.33,35,0.31680000000,0.96,-0.08301425;1.126017;0.07175374,0.3309468;0.03271795;0.07783352,5026.289
2,1,ratioPercentage,11,BarChart,0.88,85,0.91520000000,1.04,-0.08270502;1.12597;0.07217699,0.3298552;0.03316647;0.07914378,6747.375
2,1,ratioPercentage,12,BarChart,0.68,65,0.70040000000,1.03,-0.08340216;1.125897;0.07213116,0.3307083;0.03291334;0.07890262,10778.31
2,1,ratioPercentage,13,BarChart,0.38,40,0.37619996200,0.9899999,-0.07769442;1.117886;0.07459289,0.3571371;0.0417791;0.06678175,13124.42
2,1,ratioPercentage,14,BarChart,0.83,78,0.81340000000,0.98,-0.07985115;1.120673;0.0744471,0.3468686;0.04082269;0.07374838,8477.875
2,1,ratioPercentage,15,BarChart,0.08,10,0.07760000000,0.97,-0.08048654;1.114903;0.07469904,0.3661157;0.03935321;0.06763215,9081.094
2,1,ratioPercentage,16,BarChart,0.18,15,0.18180000000,1.01,-0.08310831;1.122759;0.07124001,0.3410552;0.03863384;0.0784175,10276.13
2,1,ratioPercentage,17,BarChart,0.73,70,0.75190000000,1.03,-0.08388102;1.124205;0.0708434,0.3350463;0.03778165;0.08268317,7584.406
2,2,ratioPercentage,0,Length,0.93,100,0.95790000000,1.03,-0.08463764;1.109911;0.07583982,0.3679617;0.045215;0.1055976,12119.48
2,2,ratioPercentage,1,Length,0.63,51,0.64260000000,1.02,-0.08414102;1.120311;0.07425475,0.3433562;0.04614246;0.07923694,4166.188
2,2,ratioPercentage,2,Length,0.08,5,0.08080000000,1.01,-0.08400917;1.120443;0.07388532,0.3434601;0.04689833;0.07929059,11091.88
2,2,ratioPercentage,3,Length,0.28,20,0.26600000000,0.95,-0.08440971;1.122053;0.0738247,0.3383317;0.04648602;0.07997073,11259.78
2,2,ratioPercentage,4,Length,0.83,80,0.79680000000,0.96,-0.0844872;1.122335;0.0740183,0.33869;0.04628463;0.07743744,8599.813
2,2,ratioPercentage,5,Length,0.43,36,0.42140000000,0.98,-0.08485532;1.122877;0.07356656,0.335041;0.04783498;0.08115788,10845.75
2,2,ratioPercentage,6,Length,0.33,30,0.31680000000,0.96,-0.08526766;1.122398;0.07349122,0.3374443;0.04736379;0.0800866,6914.313
2,2,ratioPercentage,7,Length,0.68,70,0.70040000000,1.03,-0.08641279;1.12244;0.07335341,0.3374057;0.0461203;0.08103693,6846.797
2,2,ratioPercentage,8,Length,0.18,15,0.18000000000,1,-0.08523929;1.122326;0.07395107,0.3377729;0.04758452;0.07996725,8053.484
2,2,ratioPercentage,9,Length,0.73,70,0.72269992700,0.9899999,-0.08175611;1.112599;0.07463956,0.3645799;0.04159132;0.08368847,14420.47
2,2,ratioPercentage,10,Length,0.58,60,0.59160000000,1.02,-0.07594633;1.111541;0.07555395,0.370297;0.06947904;0.0789343,7539.469
2,2,ratioPercentage,11,Length,0.38,32,0.36860000000,0.97,-0.0801686;1.114071;0.07445854,0.3616017;0.06349163;0.08777418,9706.688
2,2,ratioPercentage,12,Length,0.53,45,0.54060000000,1.02,-0.07536387;1.103301;0.06383699,0.4066033;0.05291506;0.09101637,16006
2,2,ratioPercentage,13,Length,0.48,40,0.46080000000,0.96,-0.07890308;1.107603;0.06710726,0.3904127;0.05152353;0.09235622,11505.38
2,2,ratioPercentage,14,Length,0.23,20,0.22769997700,0.9899999,-0.07502055;1.119423;0.06517655,0.3515976;0.06634521;0.0822979,8846.625
2,2,ratioPercentage,15,Length,0.78,90,0.78000000000,1,-0.04506183;1.107679;0.06513494,0.396765;0.1179653;0.04173176,10465.56
2,2,ratioPercentage,16,Length,0.13,10,0.13520000000,1.04,-0.06982243;1.117775;0.0635795,0.359105;0.08313026;0.08050002,12443.53
2,2,ratioPercentage,17,Length,0.88,100,0.87119991200,0.9899999,-0.06987691;1.117737;0.06354123,0.3605204;0.08310711;0.07993746,10130.66
2,3,ratioPercentage,0,Area,0.53,30,0.53530000000,1.01,-0.07247066;1.125612;0.06401104,0.3309348;0.06595691;0.03873821,10756.53
2,3,ratioPercentage,1,Area,0.93,85,0.96720000000,1.04,-0.07291901;1.125635;0.06414568,0.3314118;0.06671322;0.04124556,8935.781
2,3,ratioPercentage,2,Area,0.28,20,0.27440000000,0.98,-0.07289505;1.125828;0.06394231,0.3314192;0.06692454;0.04219215,7189.781
2,3,ratioPercentage,3,Area,0.33,20,0.33660000000,1.02,-0.07461071;1.125914;0.06396079,0.330419;0.06764082;0.04898888,11720.88
2,3,ratioPercentage,4,Area,0.88,81,0.86240000000,0.98,-0.07906699;1.110403;0.06715,0.3759088;0.0632813;0.09467258,9774.125
2,3,ratioPercentage,5,Area,0.18,5,0.17819998200,0.9899999,-0.07731748;1.111194;0.06613111,0.3733671;0.06520358;0.0960236,8778.813
2,3,ratioPercentage,6,Area,0.13,5,0.13260000000,1.02,-0.07951629;1.11184;0.06845111,0.3686712;0.06764904;0.1037955,10421.25
2,3,ratioPercentage,7,Area,0.23,5,0.23920000000,1.04,-0.07937312;1.111735;0.06868541,0.3702461;0.06841229;0.1029702,15771.69
2,3,ratioPercentage,8,Area,0.08,1,0.07840000000,0.98,-0.07957292;1.111738;0.06857395,0.3700408;0.06762823;0.1029006,12856.5
2,3,ratioPercentage,9,Area,0.68,51,0.69360000000,1.02,-0.08134031;1.110839;0.06887966,0.371598;0.06451934;0.103163,5093.531
2,3,ratioPercentage,10,Area,0.63,45,0.62369993700,0.9899999,-0.08110034;1.110699;0.06595755,0.3727553;0.06474364;0.1049488,5696.563
2,3,ratioPercentage,11,Area,0.83,80,0.83830000000,1.01,-0.06863511;1.097916;0.06858099,0.4169339;0.07909842;0.07599366,8500.219
2,3,ratioPercentage,12,Area,0.43,35,0.41710000000,0.97,-0.07662463;1.10656;0.07005781,0.3831077;0.07897364;0.1090649,8466.781
2,3,ratioPercentage,13,Area,0.48,40,0.47040000000,0.98,-0.07851768;1.108338;0.06849205,0.37936;0.07709868;0.1099704,6556.563
2,3,ratioPercentage,14,Area,0.73,50,0.73730000000,1.01,-0.07849252;1.108317;0.0687567,0.379272;0.07624271;0.1099589,3094.25
2,3,ratioPercentage,15,Area,0.38,25,0.38760000000,1.02,-0.0790956;1.108488;0.06869459,0.3791981;0.0766836;0.1104763,7494.875
2,3,ratioPercentage,16,Area,0.58,40,0.58580000000,1.01,-0.07712579;1.114458;0.05904639,0.3764089;0.05977309;0.09397382,6109.938
2,3,ratioPercentage,17,Area,0.78,85,0.74100000000,0.95,-0.07729101;1.116029;0.06211412,0.3694892;0.05908247;0.09631222,9583.438
3,1,ratioPercentage,0,Length,0.43,51,0.42140000000,0.98,-0.01206535;1.079525;0.2509522,0.4041722;0.03862796;0.04156408,4669.249
3,1,ratioPercentage,1,Length,0.08,10,0.07600000000,0.95,-0.01145297;1.079213;0.2474937,0.4121381;0.03460583;0.0437864,10153.1
3,1,ratioPercentage,2,Length,0.73,81,0.72269992700,0.9899999,-0.008534849;1.081425;0.2396221,0.4182754;0.03373655;0.03958608,8746.164
3,1,ratioPercentage,3,Length,0.63,75,0.64260000000,1.02,-0.006522238;1.085469;0.2333267,0.419002;0.03311038;0.03567479,7841.123
3,1,ratioPercentage,4,Length,0.68,66,0.64600000000,0.95,-0.00162065;1.082375;0.232115,0.4283211;0.03826336;0.02706644,8434.113
3,1,ratioPercentage,5,Length,0.78,80,0.78000000000,1,-0.0008684993;1.078343;0.2327998,0.4372277;0.03857573;0.02582199,9126.617
3,1,ratioPercentage,6,Length,0.28,21,0.27160000000,0.97,0.001138389;1.078347;0.2378304,0.4208354;0.04345066;0.02657129,11123.26
3,1,ratioPercentage,7,Length,0.18,15,0.17460000000,0.97,0.00485462;1.079552;0.2354004,0.4257607;0.0458249;0.02131903,10875.39
3,1,ratioPercentage,8,Length,0.93,95,0.95790000000,1.03,-0.007966459;1.089038;0.2615016,0.4479825;0.0225701;0.07965276,13151.13
3,1,ratioPercentage,9,Length,0.53,54,0.54590000000,1.03,-0.032745;1.135937;0.1210672,0.3484052;0.07543277;0.07211082,11113.73
3,1,ratioPercentage,10,Length,0.88,84,0.90640000000,1.03,-0.01708955;1.111378;0.1838422,0.4033509;0.05530971;0.0358768,6813.883
3,1,ratioPercentage,11,Length,0.38,36,0.38760000000,1.02,-0.01870602;1.111811;0.1841464,0.398864;0.05236185;0.03775897,7416.523
3,1,ratioPercentage,12,Length,0.13,14,0.13130000000,1.01,-0.0006275177;1.138671;0.1583722,0.3172197;0.07377102;-0.07435472,11303.88
3,1,ratioPercentage,13,Length,0.83,81,0.82169991700,0.9899999,-0.001059949;1.125241;0.1709926,0.3556303;0.07511716;-0.01235207,14855.62
3,1,ratioPercentage,14,Length,0.33,33,0.31350000000,0.95,-0.007555068;1.088302;0.2398781,0.386987;0.1163415;-0.0198116,8623.188
3,1,ratioPercentage,15,Length,0.48,55,0.45600000000,0.95,-0.02103537;1.1289;0.1056056,0.3258782;0.02991058;0.01717932,12700.16
3,1,ratioPercentage,16,Length,0.58,71,0.59160000000,1.02,-0.02215308;1.068204;0.2711197,0.4510702;0.0418278;0.03507897,11683.69
3,1,ratioPercentage,17,Length,0.23,26,0.23230000000,1.01,-0.03567725;1.134475;0.09168088,0.3097797;0.08576393;-0.004969389,15436.53
3,2,ratioPercentage,0,Area,0.88,81,0.89760000000,1.02,-0.03325278;1.127743;0.09961212,0.3214401;0.08415534;-0.00635748,9427.469
3,2,ratioPercentage,1,Area,0.43,51,0.41280000000,0.96,-0.02048451;1.128524;0.1006832,0.3149038;-9.830521E-05;0.03796849,12755.64
3,2,ratioPercentage,2,Area,0.93,92,0.90210000000,0.97,-0.005599856;1.12588;0.1071167,0.3198207;-0.005910811;0.03504048,9237.328
3,2,ratioPercentage,3,Area,0.78,84,0.81120000000,1.04,-0.001441658;1.129194;0.1002164,0.3192787;-0.00300162;0.0237335,11996.92
3,2,ratioPercentage,4,Area,0.08,9,0.08000000000,1,-0.0005758405;1.134352;0.09265006,0.3142503;-0.006306108;0.02095252,11660.91
3,2,ratioPercentage,5,Area,0.63,75,0.61740000000,0.98,-0.005219638;1.13966;0.07899845,0.2942647;0.01848742;0.01368722,11337.7
3,2,ratioPercentage,6,Area,0.33,25,0.31350000000,0.95,-0.002657652;1.139834;0.07612467,0.3000926;0.02178382;0.00841666,11348.05
3,2,ratioPercentage,7,Area,0.23,20,0.23690000000,1.03,0.0005164742;1.140173;0.07348585,0.3036873;0.02725668;0.0006380436,8969.531
3,2,ratioPercentage,8,Area,0.28,17,0.26880000000,0.96,-0.0005261302;1.139883;0.07333601,0.3065137;0.02691816;0.002923249,10835.22
3,2,ratioPercentage,9,Area,0.83,90,0.80510000000,0.97,-0.003200293;1.149554;0.05145621,0.2687561;0.01917347;0.03045963,18932.03
3,2,ratioPercentage,10,Area,0.38,27,0.37619996200,0.9899999,-0.00316143;1.147228;0.0516988,0.277168;0.02162929;0.02104812,9818.438
3,2,ratioPercentage,11,Area,0.68,82,0.68000000000,1,0.0002493262;1.145237;0.05307579,0.2842242;0.02563802;0.01406268,8310.438
3,2,ratioPercentage,12,Area,0.18,13,0.17460000000,0.97,0.00128001;1.145163;0.05164635,0.2869051;0.02710273;0.01231758,6556.469
3,2,ratioPercentage,13,Area,0.13,11,0.12480000000,0.96,0.001043737;1.1465;0.04935491,0.2843862;0.02758228;0.01195762,13750.03
3,2,ratioPercentage,14,Area,0.48,31,0.46560000000,0.97,0.003354371;1.147556;0.04671824,0.2857496;0.02937117;0.006566909,10834.88
3,2,ratioPercentage,15,Area,0.58,57,0.55100000000,0.95,0.003148913;1.14668;0.04759502,0.28835;0.03056438;0.007291876,21177.94
3,2,ratioPercentage,16,Area,0.73,75,0.72269992700,0.9899999,0.000557065;1.147373;0.04556179,0.2916173;0.02724752;0.0139489,7427.969
3,2,ratioPercentage,17,Area,0.53,53,0.54060000000,1.02,0.001841068;1.147433;0.04429865,0.294201;0.02819125;0.01227769,17290.66
3,3,ratioPercentage,0,BarChart,0.58,53,0.60320000000,1.04,0.001738131;1.148348;0.0431205,0.2934663;0.02880275;0.01119017,7360.531
3,3,ratioPercentage,1,BarChart,0.88,80,0.87119991200,0.9899999,0.002097607;1.149558;0.04103756,0.2922665;0.03013682;0.009439233,9103.906
3,3,ratioPercentage,2,BarChart,0.93,91,0.89280000000,0.96,0.002094328;1.150138;0.03966367,0.2930119;0.03004698;0.008732968,11147.47
3,3,ratioPercentage,3,BarChart,0.33,27,0.33660000000,1.02,0.001543224;1.151014;0.03752172,0.2943026;0.03046988;0.008289886,13839.06
3,3,ratioPercentage,4,BarChart,0.83,80,0.83000000000,1,-0.005812824;1.160148;0.03163111,0.2563626;-0.004839828;0.02708073,15246.69
3,3,ratioPercentage,5,BarChart,0.68,65,0.65280000000,0.96,0.003753006;1.153432;0.03578639,0.2795286;0.01140172;0.006115237,16218.84
3,3,ratioPercentage,6,BarChart,0.28,26,0.27160000000,0.97,0.005129576;1.151621;0.03779447,0.2867912;0.01518442;0.001671672,10387.44
3,3,ratioPercentage,7,BarChart,0.48,47,0.46080000000,0.96,0.007925451;1.151178;0.03723013,0.2876821;0.02002731;-0.004346708,14409.31
3,3,ratioPercentage,8,BarChart,0.73,74,0.73000000000,1,0.01168793;1.158455;0.03205788,0.259274;0.02836129;-0.01074821,12365
3,3,ratioPercentage,9,BarChart,0.23,23,0.23920000000,1.04,0.01372331;1.155824;0.03545558,0.2676275;0.03025078;-0.01427239,9103.219
3,3,ratioPercentage,10,BarChart,0.78,77,0.79560000000,1.02,0.01429266;1.156265;0.03403425,0.270339;0.03335486;-0.01610923,14855.75
3,3,ratioPercentage,11,BarChart,0.53,51,0.51940000000,0.98,0.01412874;1.155511;0.03373241,0.2774587;0.0336199;-0.01702262,5328.063
3,3,ratioPercentage,12,BarChart,0.18,16,0.17460000000,0.97,0.01394778;1.155061;0.03332436,0.2808512;0.03489736;-0.0180701,8020.125
3,3,ratioPercentage,13,BarChart,0.63,57,0.61110000000,0.97,0.0134384;1.157744;0.03927052,0.2607474;0.0435856;-0.008368138,7885.5
3,3,ratioPercentage,14,BarChart,0.08,10,0.07680000000,0.96,0.01781881;1.155026;0.0393914,0.2722854;0.0492011;-0.01701923,7349.875
3,3,ratioPercentage,15,BarChart,0.13,14,0.13130000000,1.01,0.01886052;1.154195;0.03933239,0.2755483;0.05074892;-0.01875029,11851.44
3,3,ratioPercentage,16,BarChart,0.38,34,0.38000000000,1,0.02250707;1.154801;0.03700006,0.2767952;0.05812119;-0.02602595,12007.31
3,3,ratioPercentage,17,BarChart,0.43,45,0.41710000000,0.97,0.02443534;1.155062;0.03694201,0.2779724;0.06223441;-0.03092428,5193.938
4,1,ratioPercentage,0,Area,0.18,7,0.18180000000,1.01,0.0556128;1.135492;0.07950753,0.3666074;-0.008702611;-0.03164606,19323.59
4,1,ratioPercentage,1,Area,0.88,86,0.87119991200,0.9899999,0.04684317;1.154701;0.05928248,0.3125783;0.0003331341;-0.04373335,18028.16
4,1,ratioPercentage,2,Area,0.28,11,0.27719997200,0.9899999,0.02045667;1.1434;0.057513,0.3221167;-0.005800975;-0.001341946,8924.938
4,1,ratioPercentage,3,Area,0.43,20,0.44290000000,1.03,0.02566516;1.147517;0.0516715,0.309756;-0.01947117;-0.00134134,13012.94
4,1,ratioPercentage,4,Area,0.08,2,0.07600000000,0.95,0.03042614;1.144456;0.0548051,0.3181249;-0.05072358;0.007512737,13660.41
4,1,ratioPercentage,5,Area,0.83,58,0.78850000000,0.95,0.012694;1.151058;0.05965638,0.3321471;0.006807513;-0.0282695,11505.06
4,1,ratioPercentage,6,Area,0.93,83,0.90210000000,0.97,0.02433574;1.142478;0.06283849,0.3481119;-0.09445231;-0.009419004,7997.438
4,1,ratioPercentage,7,Area,0.63,39,0.65520000000,1.04,0.01913857;1.148049;0.05216247,0.3154987;0.03900994;-0.06040629,10277.06
4,1,ratioPercentage,8,Area,0.48,28,0.46080000000,0.96,0.02718425;1.143898;0.05472779,0.3312074;-0.002060831;-0.05053473,9448.625
4,1,ratioPercentage,9,Area,0.58,38,0.60320000000,1.04,0.0266515;1.145701;0.05327255,0.3249725;0.002704694;-0.05198579,14141.09
4,1,ratioPercentage,10,Area,0.13,3,0.13130000000,1.01,0.02376902;1.144907;0.05275178,0.326074;0.02436557;-0.05822519,11426.91
4,1,ratioPercentage,11,Area,0.38,14,0.37240000000,0.98,0.02477026;1.146783;0.05076039,0.3207156;0.02508037;-0.0619926,8600.781
4,1,ratioPercentage,12,Area,0.68,44,0.66640000000,0.98,0.02524889;1.14807;0.04928803,0.3161566;0.02364094;-0.06033748,5852.875
4,1,ratioPercentage,13,Area,0.78,56,0.81120000000,1.04,0.02458334;1.148658;0.04902595,0.3148493;0.02175126;-0.0591376,2892.906
4,1,ratioPercentage,14,Area,0.23,10,0.22540000000,0.98,0.02393758;1.150372;0.04713464,0.3101922;0.02208827;-0.05822194,7461.563
4,1,ratioPercentage,15,Area,0.33,15,0.33990000000,1.03,0.01915216;1.151206;0.04289085,0.3005766;0.1054873;-0.08988546,9527.75
4,1,ratioPercentage,16,Area,0.53,23,0.50350000000,0.95,0.02759838;1.153427;0.04713184,0.3053448;-0.0577464;-0.02582333,8064.531
4,1,ratioPercentage,17,Area,0.73,60,0.75920000000,1.04,0.02076101;1.153693;0.04225254,0.2967891;0.04136981;-0.05973629,4925.844
4,2,ratioPercentage,0,BarChart,0.68,60,0.65960000000,0.97,0.02256036;1.155054;0.04126233,0.2939114;0.03061254;-0.05687274,9203.75
4,2,ratioPercentage,1,BarChart,0.13,12,0.12740000000,0.98,0.03111887;1.154901;0.04260135,0.298866;-0.01610975;-0.05223374,9840.781
4,2,ratioPercentage,2,BarChart,0.58,53,0.59740000000,1.03,0.0211941;1.153131;0.04085749,0.3006219;0.04717493;-0.06670921,3417.875
4,2,ratioPercentage,3,BarChart,0.53,48,0.54060000000,1.02,0.02167189;1.154215;0.03985542,0.2971807;0.04767236;-0.06635409,3797.844
4,2,ratioPercentage,4,BarChart,0.88,84,0.86240000000,0.98,0.02138627;1.1544;0.03975356,0.2973543;0.04738813;-0.06676918,11002.88
4,2,ratioPercentage,5,BarChart,0.43,37,0.41280000000,0.96,0.03668773;1.153075;0.04376036,0.2976702;-0.01755634;-0.03641256,11158.25
4,2,ratioPercentage,6,BarChart,0.73,64,0.73730000000,1.01,0.004821062;1.151561;0.03040427,0.3128174;-0.06507716;0.02122375,6846.688
4,2,ratioPercentage,7,BarChart,0.28,33,0.27440000000,0.98,0.002741694;1.152739;0.03118873,0.3094998;-0.02064157;-0.000505394,5841.75
4,2,ratioPercentage,8,BarChart,0.38,42,0.38760000000,1.02,0.002787709;1.154172;0.02985519,0.3051433;-0.02123524;-0.001094758,5249.813
4,2,ratioPercentage,9,BarChart,0.18,19,0.17640000000,0.98,-0.006108522;1.153053;0.02756572,0.3070133;0.06653632;-0.03258058,7763.313
4,2,ratioPercentage,10,BarChart,0.78,76,0.74100000000,0.95,-0.008960128;1.15416;0.031398,0.306109;0.05711749;-0.02645542,8622.938
4,2,ratioPercentage,11,BarChart,0.48,41,0.47040000000,0.98,-0.00792551;1.156112;0.0283733,0.2970282;0.0695765;-0.03172877,8299.375
4,2,ratioPercentage,12,BarChart,0.83,79,0.81340000000,0.98,-0.01032639;1.158246;0.02706426,0.2887678;0.0533543;-0.01782805,6802.25
4,2,ratioPercentage,13,BarChart,0.63,56,0.59850000000,0.95,0.0007272959;1.159406;0.02393264,0.2858161;-0.05810564;0.02099989,11639
4,2,ratioPercentage,14,BarChart,0.33,29,0.33990000000,1.03,0.01414907;1.160364;0.02739424,0.2784438;-0.05393346;-0.004324527,12007.5
4,2,ratioPercentage,15,BarChart,0.08,7,0.07600000000,0.95,0.01968861;1.157294;0.02359623,0.2828814;-0.0003353389;-0.03133902,7628.875
4,2,ratioPercentage,16,BarChart,0.23,27,0.22769997700,0.9899999,0.02521861;1.159466;0.0233084,0.2667046;0.0006376081;-0.03470599,9963.375
4,2,ratioPercentage,17,BarChart,0.93,95,0.88350000000,0.95,0.02270138;1.157667;0.02384996,0.2725862;-0.004008519;-0.02529755,12487.69
4,3,ratioPercentage,0,Length,0.83,71,0.78850000000,0.95,0.03045583;1.146696;0.02320057,0.3229861;-0.02311754;-0.01107987,14141.31
4,3,ratioPercentage,1,Length,0.48,34,0.47519995200,0.9899999,0.02037966;1.152898;0.01811689,0.3077815;-0.006954816;-0.01097047,5785.813
4,3,ratioPercentage,2,Length,0.33,26,0.33990000000,1.03,0.01811755;1.155021;0.01591861,0.2993656;-0.01196107;-0.004922659,10979.75
4,3,ratioPercentage,3,Length,0.58,44,0.58000000000,1,0.02079046;1.157531;0.01368648,0.2888609;-0.01240989;-0.008960107,8087.125
4,3,ratioPercentage,4,Length,0.88,85,0.86240000000,0.98,0.02153146;1.15801;0.01199037,0.2845585;-0.004593054;-0.01525683,9873.875
4,3,ratioPercentage,5,Length,0.63,42,0.63000000000,1,0.02391338;1.159494;0.007933617,0.2781026;-0.004921205;-0.01699314,5775.25
4,3,ratioPercentage,6,Length,0.38,32,0.36860000000,0.97,0.02385104;1.160853;0.006363988,0.2725025;-0.006699153;-0.01548468,6813.375
4,3,ratioPercentage,7,Length,0.13,11,0.12350000000,0.95,0.02507663;1.162045;0.002488136,0.2651287;-0.006009502;-0.01745876,8556
4,3,ratioPercentage,8,Length,0.73,74,0.73000000000,1,0.0171994;1.169224;-0.007030606,0.2554733;-0.004037557;-0.0132657,7304.875
4,3,ratioPercentage,9,Length,0.18,17,0.18180000000,1.01,0.03082275;1.161639;0.00416714,0.2753904;-0.0008866004;-0.03217942,7294.063
4,3,ratioPercentage,10,Length,0.08,7,0.07840000000,0.98,0.02962601;1.160997;0.003949463,0.2743633;-0.003438753;-0.02743387,9851.688
4,3,ratioPercentage,11,Length,0.53,36,0.51940000000,0.98,0.0285579;1.161376;0.003580868,0.2694322;-0.01206651;-0.01951654,7997.563
4,3,ratioPercentage,12,Length,0.93,89,0.91140000000,0.98,0.02680278;1.160685;0.003762662,0.2717638;-0.01495001;-0.01485899,9081.188
4,3,ratioPercentage,13,Length,0.23,19,0.23230000000,1.01,0.02453995;1.164409;-0.002483368,0.2642407;-0.01431973;-0.01321599,5182.5
4,3,ratioPercentage,14,Length,0.68,63,0.68680000000,1.01,0.02293897;1.165782;-0.005423725,0.2642962;-0.0141649;-0.01441969,4646.625
4,3,ratioPercentage,15,Length,0.28,24,0.27440000000,0.98,0.02041578;1.165486;-0.004985988,0.2676782;-0.0176268;-0.0108887,6534.313
4,3,ratioPercentage,16,Length,0.78,88,0.79560000000,1.02,-0.01343071;1.163918;-0.003789186,0.2697811;0.1043725;-0.03429194,8500.125
4,3,ratioPercentage,17,Length,0.43,35,0.44290000000,1.03,0.01124704;1.163629;-0.003766954,0.2743035;-0.03646259;0.01254469,5138.25
5,1,ratioPercentage,0,BarChart,0.93,90,0.92069990700,0.9899999,-0.08945811;1.085655;0.3010028,0.5288695;0.1518695;0.01196388,11933.09
5,1,ratioPercentage,1,BarChart,0.43,42,0.44720000000,1.04,-0.07535756;1.084749;0.2844762,0.544171;0.1826043;0.02430502,8220.875
5,1,ratioPercentage,2,BarChart,0.33,39,0.32340000000,0.98,-0.08024752;1.086421;0.2847482,0.5403965;0.1796012;0.02850085,8087.156
5,1,ratioPercentage,3,BarChart,0.23,21,0.22540000000,0.98,-0.057181;1.068712;0.2758307,0.5724311;0.2176456;-0.006493859,8712.344
5,1,ratioPercentage,4,BarChart,0.18,18,0.18720000000,1.04,-0.07820547;1.067258;0.2870315,0.5997751;0.150704;0.06095942,29856.97
5,1,ratioPercentage,5,BarChart,0.13,14,0.13130000000,1.01,-0.08283532;1.093395;0.277769,0.5588518;0.1687494;0.02877423,17938.75
5,1,ratioPercentage,6,BarChart,0.78,77,0.81120000000,1.04,-0.08332062;1.097165;0.2692907,0.5479888;0.1955072;0.03017822,6467.375
5,1,ratioPercentage,7,BarChart,0.08,22,0.08160000000,1.02,-0.07756078;1.09608;0.2680243,0.5594428;0.1945348;0.02318503,10041.63
5,1,ratioPercentage,8,BarChart,0.48,44,0.46560000000,0.97,-0.1119591;1.095852;0.2593369,0.563635;0.1872333;0.05856683,41685.81
5,1,ratioPercentage,9,BarChart,0.83,70,0.84660000000,1.02,-0.1272072;1.096683;0.2627097,0.5415624;0.1885739;0.07890388,8790.188
5,1,ratioPercentage,10,BarChart,0.88,85,0.85360000000,0.97,-0.1268131;1.095552;0.2658864,0.54173;0.1847557;0.08001242,16051.41
5,1,ratioPercentage,11,BarChart,0.53,48,0.51410000000,0.97,-0.1248802;1.094258;0.2680784,0.54497;0.1830652;0.07530029,5260.719
5,1,ratioPercentage,12,BarChart,0.38,43,0.39140000000,1.03,0.04979324;1.130586;0.1384604,0.3606028;0.08365017;0.05895672,131647.1
5,1,ratioPercentage,13,BarChart,0.63,60,0.61740000000,0.98,0.04966068;1.115779;0.1430831,0.3941999;0.02756241;-0.008691847,4022
5,1,ratioPercentage,14,BarChart,0.28,30,0.27719997200,0.9899999,0.05567014;1.119784;0.1380972,0.3825089;0.03319718;-0.01811329,10688.94
5,1,ratioPercentage,15,BarChart,0.58,55,0.56840000000,0.98,0.04792726;1.119111;0.1296293,0.3836595;0.01422411;-0.02056985,6926.25
5,1,ratioPercentage,16,BarChart,0.68,66,0.69360000000,1.02,0.03460276;1.115039;0.1441288,0.3894849;-0.0193083;0.008846711,9303.375
5,1,ratioPercentage,17,BarChart,0.73,75,0.70080000000,0.96,0.04124725;1.133278;0.1179632,0.337148;0.0187011;-0.01437557,9930.25
5,2,ratioPercentage,0,Length,0.88,93,0.87119991200,0.9899999,0.04251993;1.126969;0.1271185,0.3493482;0.01808911;-0.03218101,13135.44
5,2,ratioPercentage,1,Length,0.63,60,0.63000000000,1,0.04135787;1.117839;0.1304811,0.360983;0.02840857;-0.02858745,12085.69
5,2,ratioPercentage,2,Length,0.78,81,0.76440000000,0.98,0.0445106;1.115977;0.1303584,0.3399966;0.04378375;-0.06346573,27354.69
5,2,ratioPercentage,3,Length,0.28,25,0.28560000000,1.02,0.03709996;1.100299;0.1461508,0.3826708;0.02513694;-0.05699402,14531.81
5,2,ratioPercentage,4,Length,0.23,20,0.23230000000,1.01,0.04466784;1.100965;0.157073,0.3840907;0.004426192;-0.05310303,12800.88
5,2,ratioPercentage,5,Length,0.18,12,0.18180000000,1.01,0.04652393;1.105793;0.1458919,0.3679003;0.009548514;-0.05191425,11393.13
5,2,ratioPercentage,6,Length,0.93,92,0.95790000000,1.03,0.04383564;1.111819;0.1352007,0.3641188;0.01237888;-0.03540427,11169.94
5,2,ratioPercentage,7,Length,0.08,5,0.07600000000,0.95,0.0460248;1.108468;0.1376984,0.368616;0.01972919;-0.02917329,31040.69
5,2,ratioPercentage,8,Length,0.68,75,0.66640000000,0.98,0.06439006;1.09384;0.1830889,0.3889658;0.03894125;-0.02695343,9796.125
5,2,ratioPercentage,9,Length,0.48,54,0.48480000000,1.01,0.03123558;1.008605;0.4062204,0.702811;0.02516134;0.002072037,14721.63
5,2,ratioPercentage,10,Length,0.13,5,0.13390000000,1.03,0.04239541;1.111731;0.1442202,0.3953572;0.02693177;-0.01580878,17860.5
5,2,ratioPercentage,11,Length,0.33,16,0.32340000000,0.98,0.02846181;1.101123;0.159388,0.3881302;0.007035245;-0.005920677,17670.5
5,2,ratioPercentage,12,Length,0.38,45,0.38380000000,1.01,0.04095727;1.102578;0.1483278,0.3904375;0.0128611;-0.01967526,6813.688
5,2,ratioPercentage,13,Length,0.53,45,0.51940000000,0.98,0.04747272;1.073198;0.2311639,0.515801;-0.01663991;-0.02110182,11225.44
5,2,ratioPercentage,14,Length,0.73,70,0.74460000000,1.02,0.0460676;1.118729;0.1520944,0.3561581;0.01446021;-0.0125678,8210
5,2,ratioPercentage,15,Length,0.43,45,0.42569995700,0.9899999,0.0589056;1.063006;0.2534803,0.5356159;0.005289861;-0.00479568,26651.19
5,2,ratioPercentage,16,Length,0.58,54,0.57419994200,0.9899999,0.02752757;0.9890088;0.3933251,0.7084059;0.01258975;-0.01448915,6581.688
5,2,ratioPercentage,17,Length,0.83,80,0.79680000000,0.96,0.0372268;1.099475;0.1788456,0.4259919;0.01037586;-0.01521486,36687.75
5,3,ratioPercentage,0,Area,0.53,50,0.51410000000,0.97,-0.009154916;1.027331;0.3625938,0.6399262;0.1769643;-0.1531327,48378.56
5,3,ratioPercentage,1,Area,0.08,3,0.07919999200,0.9899999,0.07546812;1.079065;0.2901815,0.5662847;-0.1561113;0.05086999,13124.44
5,3,ratioPercentage,2,Area,0.43,40,0.41710000000,0.97,-0.01613677;1.033015;0.3427496,0.6250086;0.2270092;-0.1111761,9729
5,3,ratioPercentage,3,Area,0.33,29,0.31680000000,0.96,-0.06661332;1.052376;0.3198479,0.5933056;0.1862684;-0.006000604,8969.125
5,3,ratioPercentage,4,Area,0.78,90,0.79560000000,1.02,-0.07192874;1.053384;0.3185145,0.605754;0.1965061;-0.01609593,15880.56
5,3,ratioPercentage,5,Area,0.23,10,0.22540000000,0.98,-0.1012932;1.041014;0.3355958,0.6229621;0.182041;0.01412882,26687.63
5,3,ratioPercentage,6,Area,0.93,92,0.96720000000,1.04,-0.002243757;1.017797;0.3584329,0.6715652;0.2902225;-0.1611771,10935.25
5,3,ratioPercentage,7,Area,0.63,77,0.60480000000,0.96,0.01521373;1.014004;0.3868243,0.63124;0.2639959;-0.2107722,19748.38
5,3,ratioPercentage,8,Area,0.58,45,0.55680000000,0.96,0.01341939;1.027911;0.3770683,0.5909775;0.378231;-0.2288516,29164
5,3,ratioPercentage,9,Area,0.18,14,0.17819998200,0.9899999,0.005499959;1.031515;0.3934381,0.5934399;0.3602335;-0.1952142,12220.13
5,3,ratioPercentage,10,Area,0.38,27,0.38760000000,1.02,0.006851673;1.026099;0.4041712,0.6045474;0.3408616;-0.2042,8645.25
5,3,ratioPercentage,11,Area,0.73,85,0.71540000000,0.98,0.01312768;1.025708;0.3900343,0.5719457;0.3656549;-0.2459492,20239.5
5,3,ratioPercentage,12,Area,0.88,93,0.83600000000,0.95,0.0549196;1.018441;0.3584948,0.5648513;0.35652;-0.3089819,28550
5,3,ratioPercentage,13,Area,0.13,8,0.12350000000,0.95,-0.01290739;1.026343;0.3873644,0.6111531;0.3107079;-0.2011984,24551.5
5,3,ratioPercentage,14,Area,0.68,81,0.70040000000,1.03,0.02423823;1.014446;0.3626036,0.6175838;0.321499;-0.2653817,10934.88
5,3,ratioPercentage,15,Area,0.83,92,0.82169991700,0.9899999,-0.001536489;1.022812;0.4253211,0.5853657;0.3213592;-0.1597381,24584.88
5,3,ratioPercentage,16,Area,0.28,20,0.29120000000,1.04,0.01652205;1.01306;0.3979653,0.6235491;0.3199823;-0.2155696,22853.88
5,3,ratioPercentage,17,Area,0.48,33,0.47519995200,0.9899999,0.03467774;0.9916866;0.3957816,0.6296876;0.3418216;-0.2607439,15335.88
6,1,ratioPercentage,0,Length,0.18,10,0.17640000000,0.98,0.006776035;1.10972;-0.08042169,0.2026395;0.003557279;-0.01169873,9237.813
6,1,ratioPercentage,1,Length,0.08,5,0.07840000000,0.98,0.003443956;1.107087;-0.07969427,0.2140919;-0.01116412;-0.005709265,9617.078
6,1,ratioPercentage,2,Length,0.88,90,0.89760000000,1.02,0.0003587008;1.107;-0.08107877,0.2154491;-0.01705547;0.0003419209,8947.266
6,1,ratioPercentage,3,Length,0.63,50,0.63630000000,1.01,-0.003827631;1.106951;-0.08255565,0.2141771;-0.02477499;0.009838625,17469.3
6,1,ratioPercentage,4,Length,0.93,90,0.89280000000,0.96,0.01290452;1.071661;0.05928302,0.2989536;0.07038561;-0.06049694,28773.84
6,1,ratioPercentage,5,Length,0.23,13,0.22540000000,0.98,-0.003394961;1.075221;0.05429459,0.2976206;0.0343529;-0.0007078642,14923.09
6,1,ratioPercentage,6,Length,0.83,80,0.86320000000,1.04,-0.007276535;1.079877;0.04757792,0.2856266;0.02459629;0.03571004,9326.563
6,1,ratioPercentage,7,Length,0.13,10,0.13520000000,1.04,-0.01362795;1.078278;0.04645032,0.2890813;0.00925087;0.05076203,9974.75
6,1,ratioPercentage,8,Length,0.43,40,0.41280000000,0.96,-0.01386678;1.077998;0.04492819,0.2905944;0.007615722;0.05370455,7160
6,1,ratioPercentage,9,Length,0.33,30,0.33330000000,1.01,-0.01415157;1.07738;0.04584515,0.2912525;0.006744814;0.05402508,6612.563
6,1,ratioPercentage,10,Length,0.68,55,0.66640000000,0.98,-0.01438761;1.076342;0.046597,0.2937301;0.005730276;0.05547089,6757.844
6,1,ratioPercentage,11,Length,0.53,50,0.53000000000,1,-0.01430523;1.076031;0.04758102,0.2951562;0.004140744;0.05431075,6679.5
6,1,ratioPercentage,12,Length,0.28,20,0.28000000000,1,-0.01491237;1.075959;0.04731685,0.2943723;0.002804173;0.05588594,8388.531
6,1,ratioPercentage,13,Length,0.73,65,0.75920000000,1.04,-0.01881766;1.077741;0.04558516,0.287652;-0.01428317;0.06174548,27176.47
6,1,ratioPercentage,14,Length,0.58,50,0.57419994200,0.9899999,0.008434534;1.088508;0.07822388,0.2869907;-0.02798721;0.08574092,4289.094
6,1,ratioPercentage,15,Length,0.38,30,0.36100000000,0.95,0.007382214;1.088394;0.076612,0.2869951;-0.0315976;0.08949969,9092.375
6,1,ratioPercentage,16,Length,0.78,80,0.78780000000,1.01,0.002212644;1.092106;0.06999421,0.2715572;-0.04602466;0.1079756,21870.53
6,1,ratioPercentage,17,Length,0.48,40,0.49920000000,1.04,0.0009931922;1.091003;0.06742811,0.2730361;-0.04935468;0.1134362,7144.375
6,2,ratioPercentage,0,Area,0.88,80,0.88880000000,1.01,0.02010691;1.08365;0.06852651,0.3297806;-0.0006665674;-0.01237278,18040.31
6,2,ratioPercentage,1,Area,0.63,51,0.65520000000,1.04,0.01908982;1.083364;0.06765807,0.3304361;-0.002446723;-0.01077483,8900.719
6,2,ratioPercentage,2,Area,0.58,30,0.56840000000,0.98,0.0176037;1.08389;0.06611782,0.3281816;-0.001713318;0.0002414876,8891.813
6,2,ratioPercentage,3,Area,0.28,10,0.29120000000,1.04,0.01195347;1.090455;0.06263041,0.2855187;0.001958212;0.06819772,7309.438
6,2,ratioPercentage,4,Area,0.18,10,0.17460000000,0.97,0.009362221;1.088806;0.06415778,0.2879059;-0.003783259;0.0727589,7673.781
6,2,ratioPercentage,5,Area,0.53,40,0.53000000000,1,0.01048732;1.090292;0.06225067,0.2846348;-0.004336189;0.07232768,10242.59
6,2,ratioPercentage,6,Area,0.43,25,0.41280000000,0.96,-0.01099896;1.092111;0.05427539,0.2627657;-0.06115099;0.1324587,11125.19
6,2,ratioPercentage,7,Area,0.33,20,0.34320000000,1.04,-0.01158822;1.09018;0.05496299,0.2674237;-0.0616214;0.1357037,6657.188
6,2,ratioPercentage,8,Area,0.73,70,0.74460000000,1.02,-0.01115036;1.089295;0.05608845,0.2691161;-0.06106409;0.1356774,6489.813
6,2,ratioPercentage,9,Area,0.38,20,0.36100000000,0.95,-0.01105452;1.088998;0.05683494,0.2696171;-0.06144379;0.1357294,6780.25
6,2,ratioPercentage,10,Area,0.83,85,0.79680000000,0.96,0.01928687;1.092782;0.06182939,0.2745233;0.03078571;0.01846645,12040.75
6,2,ratioPercentage,11,Area,0.08,3,0.07840000000,0.98,0.01188779;1.082884;0.07145059,0.3002013;0.01895698;-0.001577242,9606.188
6,2,ratioPercentage,12,Area,0.93,93,0.96720000000,1.04,0.02228165;1.08752;0.06374758,0.2922232;0.03985411;-0.02378799,8913.625
6,2,ratioPercentage,13,Area,0.78,90,0.75660000000,0.97,0.02091753;1.087053;0.06311381,0.2949479;0.03518731;-0.01873525,14655.13
6,2,ratioPercentage,14,Area,0.13,6,0.13130000000,1.01,0.01781464;1.088486;0.05816609,0.294244;0.02805378;-0.0144464,8578.813
6,2,ratioPercentage,15,Area,0.68,80,0.69360000000,1.02,0.01612329;1.088352;0.05701858,0.2960947;0.02429532;-0.01176817,7192.688
6,2,ratioPercentage,16,Area,0.48,25,0.47040000000,0.98,0.01590872;1.087511;0.05734277,0.2982257;0.02403067;-0.01040082,8396.25
6,2,ratioPercentage,17,Area,0.23,10,0.23460000000,1.02,0.01592028;1.087002;0.05764967,0.2994209;0.02154537;-0.008958195,10600.38
6,3,ratioPercentage,0,BarChart,0.68,60,0.65960000000,0.97,-0.000785172;1.071973;0.07193285,0.2841933;0.03165234;0.001821682,5443.188
6,3,ratioPercentage,1,BarChart,0.23,20,0.22310000000,0.97,2.837181E-05;1.073105;0.07221144,0.2919866;0.0270004;-0.005980475,6388.938
6,3,ratioPercentage,2,BarChart,0.73,70,0.73730000000,1.01,0.0007048845;1.071592;0.06899166,0.2941163;0.02833866;-0.001548678,7014.688
6,3,ratioPercentage,3,BarChart,0.53,50,0.53000000000,1,-0.006813288;1.072977;0.06769395,0.2840272;0.005220746;0.04774676,13649.31
6,3,ratioPercentage,4,BarChart,0.18,20,0.17640000000,0.98,0.001258671;1.075238;0.07090664,0.2918888;0.01429698;0.03657863,16755.13
6,3,ratioPercentage,5,BarChart,0.13,10,0.13260000000,1.02,0.01284158;1.068377;0.07014096,0.3230657;0.0326096;-0.01832758,9662
6,3,ratioPercentage,6,BarChart,0.28,30,0.29120000000,1.04,0.0110364;1.067546;0.06932318,0.3258086;0.03094373;-0.01464249,8064.813
6,3,ratioPercentage,7,BarChart,0.63,60,0.64890000000,1.03,-0.003142297;1.078113;0.06721765,0.2737751;0.01062108;0.06339312,6009.125
6,3,ratioPercentage,8,BarChart,0.78,70,0.80340000000,1.03,-0.007162333;1.076093;0.06694037,0.2778133;-0.00179665;0.0762745,5496.438
6,3,ratioPercentage,9,BarChart,0.93,95,0.91140000000,0.98,-0.007670403;1.076683;0.06688124,0.275268;-0.00288983;0.07948042,10956.81
6,3,ratioPercentage,10,BarChart,0.58,50,0.57419994200,0.9899999,-0.007814884;1.077331;0.06501764,0.2732669;-0.002056886;0.08194137,10510.69
6,3,ratioPercentage,11,BarChart,0.33,30,0.31350000000,0.95,0.01993465;1.085914;0.07478088,0.2510892;-0.0210451;0.05775769,18028.19
6,3,ratioPercentage,12,BarChart,0.43,40,0.42569995700,0.9899999,0.01076567;1.082073;0.06313497,0.2664568;-0.04728055;0.1013234,10086.94
6,3,ratioPercentage,13,BarChart,0.08,10,0.07680000000,0.96,0.02069813;1.079125;0.07100481,0.2898708;-0.02255272;0.007838006,7449.875
6,3,ratioPercentage,14,BarChart,0.38,30,0.36100000000,0.95,0.01988012;1.078598;0.06890911,0.2937741;-0.02149973;0.01572051,13169.25
6,3,ratioPercentage,15,BarChart,0.48,48,0.46560000000,0.97,0.005337536;1.080748;0.06551939,0.2722102;-0.0480857;0.08826263,6143.563
6,3,ratioPercentage,16,BarChart,0.88,90,0.88880000000,1.01,0.004894853;1.080426;0.06573647,0.2732152;-0.04815181;0.08843322,10990.81
6,3,ratioPercentage,17,BarChart,0.83,80,0.86320000000,1.04,0.00847578;1.079929;0.06399214,0.2741961;-0.03981631;0.0880981,13158.25
7,1,ratioPercentage,0,Area,0.08,1,0.08160000000,1.02,0.0172435;1.129306;0.1066576,0.3853396;0.006941159;-0.04078733,10577.41
7,1,ratioPercentage,1,Area,0.83,80,0.78850000000,0.95,0.01478601;1.143413;0.08677888,0.3592237;0.00706481;-0.03450071,7677.625
7,1,ratioPercentage,2,Area,0.28,15,0.27440000000,0.98,0.01365137;1.148343;0.08541232,0.3443603;0.007444072;-0.03504824,9606.188
7,1,ratioPercentage,3,Area,0.43,28,0.42569995700,0.9899999,0.01344323;1.149827;0.08452988,0.3420256;0.006144433;-0.03502525,14655.41
7,1,ratioPercentage,4,Area,0.93,90,0.93000000000,1,0.0008265972;1.103408;0.2411838,0.4436528;0.01562199;-0.01719561,10488
7,1,ratioPercentage,5,Area,0.23,7,0.23230000000,1.01,0.002084374;1.102124;0.2317534,0.458741;0.01891818;-0.01982133,6891.75
7,1,ratioPercentage,6,Area,0.33,8,0.32669996700,0.9899999,0.001635432;1.10942;0.2319975,0.4378905;0.01475807;-0.01804137,9203.719
7,1,ratioPercentage,7,Area,0.13,3,0.12869998700,0.9899999,0.003288269;1.111133;0.2311048,0.4360908;0.01880881;-0.02183249,9401.969
7,1,ratioPercentage,8,Area,0.48,15,0.46080000000,0.96,0.005091429;1.111337;0.2314651,0.4369463;0.01947499;-0.02421754,9170.656
7,1,ratioPercentage,9,Area,0.53,31,0.55120000000,1.04,0.001034141;1.091956;0.2476732,0.4819547;0.01521713;-0.01450044,15235.59
7,1,ratioPercentage,10,Area,0.73,40,0.70810000000,0.97,0.006190538;1.096737;0.2521576,0.4612074;0.02017252;-0.01871296,9784.531
7,1,ratioPercentage,11,Area,0.38,21,0.39140000000,1.03,0.001804709;1.107209;0.1766649,0.4833442;0.01547362;-0.01318442,13060.78
7,1,ratioPercentage,12,Area,0.63,23,0.59850000000,0.95,0.002554774;1.098333;0.2392693,0.4577679;0.01592981;-0.01546181,6780.188
7,1,ratioPercentage,13,Area,0.18,6,0.17460000000,0.97,0.003297091;1.098807;0.2391321,0.4575301;0.01424279;-0.01509253,8913.469
7,1,ratioPercentage,14,Area,0.58,27,0.59160000000,1.02,0.004819632;1.101338;0.2401881,0.4504863;0.01445634;-0.01623594,7226.969
7,1,ratioPercentage,15,Area,0.88,89,0.89760000000,1.02,0.006275296;1.100322;0.2407391,0.4510889;0.01509286;-0.01719881,10622.97
7,1,ratioPercentage,16,Area,0.78,55,0.74880000000,0.96,0.02045131;1.099922;0.2402464,0.4511859;0.04925047;-0.03731689,8164.625
7,1,ratioPercentage,17,Area,0.68,30,0.66640000000,0.98,0.01253808;1.095587;0.2422928,0.4610869;0.03806635;-0.0263118,7237.781
7,2,ratioPercentage,0,BarChart,0.88,85,0.87119991200,0.9899999,0.007907391;1.096637;0.2407322,0.4590013;0.02635228;-0.02065001,7874.656
7,2,ratioPercentage,1,BarChart,0.38,36,0.39520000000,1.04,0.01072192;1.095074;0.24467,0.4510179;0.02483906;-0.01854368,7360.938
7,2,ratioPercentage,2,BarChart,0.08,12,0.07760000000,0.97,0.005873561;1.057999;0.2461329,0.5430775;0.02142791;-0.003584929,9572.844
7,2,ratioPercentage,3,BarChart,0.93,95,0.92069990700,0.9899999,0.005916953;1.100521;0.2517573,0.4281934;0.01594761;-0.01359091,7774.563
7,2,ratioPercentage,4,BarChart,0.58,60,0.55100000000,0.95,0.009417892;1.08754;0.2538717,0.477259;0.02418038;-0.01733973,7159.625
7,2,ratioPercentage,5,BarChart,0.53,50,0.52469994700,0.9899999,0.009496808;1.095007;0.25556,0.4555356;0.02258403;-0.01710799,4903.563
7,2,ratioPercentage,6,BarChart,0.18,16,0.18180000000,1.01,0.009383082;1.093649;0.2539905,0.4631439;0.02246086;-0.01505051,12342.44
7,2,ratioPercentage,7,BarChart,0.48,51,0.47519995200,0.9899999,0.01064861;1.097424;0.2534037,0.454825;0.02341717;-0.01609792,4535.063
7,2,ratioPercentage,8,BarChart,0.63,62,0.60480000000,0.96,0.01084995;1.097752;0.2540745,0.4534688;0.02390562;-0.01665534,4523.813
7,2,ratioPercentage,9,BarChart,0.78,80,0.76440000000,0.98,0.01057184;1.098569;0.2536243,0.4521417;0.02293666;-0.01532216,12644.22
7,2,ratioPercentage,10,BarChart,0.23,15,0.21850000000,0.95,0.008294344;1.086121;0.2514781,0.4872392;0.02297416;-0.01228199,10935.22
7,2,ratioPercentage,11,BarChart,0.43,40,0.43430000000,1.01,0.01803339;1.111777;0.23256,0.4244455;0.05336217;-0.03555142,7718.75
7,2,ratioPercentage,12,BarChart,0.28,35,0.28000000000,1,0.009848237;1.106676;0.2325223,0.4465725;0.02789972;-0.02045212,5014.75
7,2,ratioPercentage,13,BarChart,0.73,65,0.73000000000,1,0.01757431;1.104353;0.2335284,0.4517018;0.04970101;-0.03301953,7015.063
7,2,ratioPercentage,14,BarChart,0.13,13,0.13000000000,1,0.007079959;1.105114;0.23502,0.4514621;0.0231168;-0.01728027,8198.313
7,2,ratioPercentage,15,BarChart,0.33,25,0.32669996700,0.9899999,0.006679654;1.107324;0.2330256,0.4524494;0.02383817;-0.02015059,10421.38
7,2,ratioPercentage,16,BarChart,0.83,82,0.85490000000,1.03,0.001591444;1.09305;0.2283421,0.4847117;0.02444523;-0.03152664,9997.25
7,2,ratioPercentage,17,BarChart,0.68,70,0.69360000000,1.02,-0.00126338;1.110833;0.2361315,0.4232111;0.01651095;-0.03268286,5663.125
7,3,ratioPercentage,0,Length,0.53,44,0.50350000000,0.95,0.002801538;1.115062;0.2361191,0.4139358;0.017664;-0.03723551,9225.938
7,3,ratioPercentage,1,Length,0.58,52,0.57419994200,0.9899999,0.01676989;1.10512;0.2418875,0.4394768;0.07105418;-0.06178945,6366.938
7,3,ratioPercentage,2,Length,0.08,5,0.07600000000,0.95,0.0001828671;1.106098;0.2389241,0.4447183;0.0305689;-0.04140581,10198.44
7,3,ratioPercentage,3,Length,0.88,97,0.83600000000,0.95,0.0009460449;1.110423;0.2345149,0.4449874;0.02495283;-0.02386499,10723.13
7,3,ratioPercentage,4,Length,0.83,90,0.82169991700,0.9899999,0.01431084;1.108054;0.2365414,0.450951;0.04711457;-0.04752117,7136.938
7,3,ratioPercentage,5,Length,0.33,20,0.33000000000,1,0.01096594;1.110635;0.2300491,0.4397753;0.02678171;-0.02636749,14498.88
7,3,ratioPercentage,6,Length,0.28,16,0.26600000000,0.95,-0.0002831221;1.139666;-0.02148604,0.2035873;0.01912732;-0.03515292,7327.188
7,3,ratioPercentage,7,Length,0.68,60,0.64600000000,0.95,-0.03056204;1.127653;-0.01524264,0.2572582;0.02874628;-0.04192678,6356.563
7,3,ratioPercentage,8,Length,0.43,35,0.44720000000,1.04,-0.02843142;1.126161;-0.01660168,0.2617376;0.03989961;-0.03327166,13939.19
7,3,ratioPercentage,9,Length,0.63,75,0.62369993700,0.9899999,-0.02860224;1.124867;-0.01645041,0.2634283;0.03880609;-0.03576278,13582.75
7,3,ratioPercentage,10,Length,0.18,10,0.17100000000,0.95,-0.03396297;1.123536;-0.01204008,0.2625851;0.0724746;-0.05047493,7550.375
7,3,ratioPercentage,11,Length,0.23,10,0.22080000000,0.96,-0.02658403;1.128051;-0.008710563,0.2277807;0.0436729;-0.01953744,6914.313
7,3,ratioPercentage,12,Length,0.93,87,0.91140000000,0.98,-0.01792729;1.120997;-0.004359484,0.2572513;0.04434687;-0.04398198,17313.13
7,3,ratioPercentage,13,Length,0.38,36,0.37619996200,0.9899999,-0.01818192;1.120937;-0.003566384,0.2536217;0.04293619;-0.03750979,7751.688
7,3,ratioPercentage,14,Length,0.73,83,0.75920000000,1.04,-0.01834249;1.119354;-0.002410948,0.259672;0.04316498;-0.03621195,6891.938
7,3,ratioPercentage,15,Length,0.13,7,0.13260000000,1.02,-0.01820254;1.118258;-0.00194788,0.2629471;0.04325311;-0.03548645,7048.313
7,3,ratioPercentage,16,Length,0.78,80,0.74880000000,0.96,-0.01760817;1.117742;-0.001741946,0.2633968;0.04391718;-0.03594512,12990.31
7,3,ratioPercentage,17,Length,0.48,40,0.46080000000,0.96,-0.02237236;1.112032;-0.008551419,0.2806382;0.04519033;-0.03983389,11426.81
8,1,ratioPercentage,0,BarChart,0.33,26,0.31350000000,0.95,0.003568709;1.115603;0.107329,0.3867178;0.01744973;-0.008695883,8410.797
8,1,ratioPercentage,1,BarChart,0.83,85,0.83830000000,1.01,0.01779222;1.063768;0.2202366,0.4767411;0.02361503;-0.0001530383,7145.094
8,1,ratioPercentage,2,BarChart,0.78,80,0.75660000000,0.97,0.02622527;1.079555;0.2120481,0.4403401;0.005178622;0.01226495,8236
8,1,ratioPercentage,3,BarChart,0.63,60,0.62369993700,0.9899999,0.02500767;1.068989;0.2280194,0.4601398;0.007813104;0.02569661,5469.688
8,1,ratioPercentage,4,BarChart,0.28,25,0.27440000000,0.98,0.02285022;1.065777;0.2311717,0.4673609;0.007561292;0.02708252,8996.203
8,1,ratioPercentage,5,BarChart,0.23,18,0.22540000000,0.98,0.02534229;1.051987;0.2283587,0.5048982;0.01926198;0.009695522,12900.48
8,1,ratioPercentage,6,BarChart,0.13,15,0.13520000000,1.04,0.0223034;1.052273;0.2255873,0.5094584;0.02130889;0.02035738,7089.813
8,1,ratioPercentage,7,BarChart,0.88,88,0.85360000000,0.97,0.02648216;1.046881;0.234602,0.5131964;0.02079183;0.02291009,10647.81
8,1,ratioPercentage,8,BarChart,0.93,90,0.93930000000,1.01,0.02443391;1.047798;0.2314463,0.5145202;0.02603807;0.02335467,6958.938
8,1,ratioPercentage,9,BarChart,0.38,30,0.39140000000,1.03,0.02229893;1.049291;0.2291944,0.5152382;0.02743449;0.02366872,6578.953
8,1,ratioPercentage,10,BarChart,0.43,32,0.44720000000,1.04,0.02046585;1.051077;0.2276212,0.5157888;0.02999986;0.0254041,4646.625
8,1,ratioPercentage,11,BarChart,0.58,50,0.55680000000,0.96,0.02019835;1.050943;0.231865,0.5123359;0.02821891;0.02901306,4434.438
8,1,ratioPercentage,12,BarChart,0.68,65,0.67319993200,0.9899999,0.01935184;1.056907;0.2253522,0.502275;0.03100193;0.02722315,7382.813
8,1,ratioPercentage,13,BarChart,0.08,7,0.07840000000,0.98,0.017205;1.057978;0.2219858,0.50516;0.03386915;0.02668268,9181.719
8,1,ratioPercentage,14,BarChart,0.73,78,0.75190000000,1.03,0.03524762;1.066664;0.2003888,0.4650627;-0.02680789;-0.1374345,11066.31
8,1,ratioPercentage,15,BarChart,0.18,22,0.17280000000,0.96,0.03335989;1.070029;0.2203794,0.4657461;0.01971742;0.001289586,7018.063
8,1,ratioPercentage,16,BarChart,0.53,48,0.53000000000,1,0.03172851;1.058312;0.2152706,0.5124921;0.02226835;0.002135769,3752.969
8,1,ratioPercentage,17,BarChart,0.48,42,0.46080000000,0.96,0.030792;1.060632;0.2158362,0.5050944;0.02042725;0.003245841,3961.031
8,2,ratioPercentage,0,Length,0.28,20,0.26880000000,0.96,0.02871382;1.062626;0.2160903,0.5010606;0.02121215;0.005249923,8727.938
8,2,ratioPercentage,1,Length,0.83,85,0.82169991700,0.9899999,0.01746702;1.064669;0.2215946,0.4956826;0.02108697;0.01407374,6456.719
8,2,ratioPercentage,2,Length,0.63,45,0.61740000000,0.98,0.01596367;1.064642;0.2193967,0.4951341;0.02255949;0.01304381,3920.406
8,2,ratioPercentage,3,Length,0.23,15,0.23000000000,1,0.01745105;1.064178;0.2210322,0.4944727;0.02098164;0.0003447461,6300.5
8,2,ratioPercentage,4,Length,0.73,85,0.72269992700,0.9899999,0.01200742;1.072292;0.2050723,0.4816836;0.01172228;0.01934176,13045.41
8,2,ratioPercentage,5,Length,0.33,15,0.32340000000,0.98,0.004449487;1.07407;0.210949,0.4701853;0.01617023;0.01631996,12610.19
8,2,ratioPercentage,6,Length,0.43,15,0.42569995700,0.9899999,0.01566994;1.063915;0.221175,0.4763962;0.01653164;0.01618029,14330.94
8,2,ratioPercentage,7,Length,0.38,20,0.38380000000,1.01,0.03002572;1.084005;0.2187504,0.4306634;-0.005710564;0.01084902,5428.563
8,2,ratioPercentage,8,Length,0.68,70,0.65960000000,0.97,0.03364623;1.058154;0.2349743,0.467106;-0.008169525;-0.00159807,9338.25
8,2,ratioPercentage,9,Length,0.93,90,0.90210000000,0.97,0.03768533;1.054798;0.2298304,0.4844958;-0.000263387;0.01115466,7830.531
8,2,ratioPercentage,10,Length,0.13,15,0.13130000000,1.01,0.04081154;1.052602;0.229766,0.4884793;0.002852419;0.008279632,5547.375
8,2,ratioPercentage,11,Length,0.88,90,0.86240000000,0.98,0.04341251;1.051192;0.2293118,0.4920779;0.00613336;0.008913849,8812.375
8,2,ratioPercentage,12,Length,0.08,10,0.08320000000,1.04,0.02527511;1.044207;0.2537536,0.5174549;0.02202578;0.01156444,8124.781
8,2,ratioPercentage,13,Length,0.78,90,0.80340000000,1.03,0.02481252;1.045155;0.2510778,0.5152088;0.02078127;0.01362432,7572.813
8,2,ratioPercentage,14,Length,0.48,28,0.46080000000,0.96,0.02442527;1.044461;0.251025,0.5171118;0.02224831;0.01435482,8053.281
8,2,ratioPercentage,15,Length,0.53,30,0.50350000000,0.95,0.0256058;1.04604;0.2494482,0.5157508;0.02673695;0.008061699,6612.563
8,2,ratioPercentage,16,Length,0.18,14,0.18720000000,1.04,0.0235886;1.048597;0.250838,0.5065596;0.02508264;0.01093181,8489.344
8,2,ratioPercentage,17,Length,0.58,45,0.56840000000,0.98,0.01518923;1.055971;0.2419947,0.4909488;0.03134913;0.009769167,4769.781
8,3,ratioPercentage,0,Area,0.48,32,0.48480000000,1.01,0.01694769;1.052044;0.2440667,0.5008425;0.03343046;0.01338397,8164.625
8,3,ratioPercentage,1,Area,0.23,15,0.22080000000,0.96,0.01891953;1.051142;0.2408848,0.5114561;0.03620444;0.01283662,6244.969
8,3,ratioPercentage,2,Area,0.13,10,0.13000000000,1,0.01497471;1.062426;0.2206717,0.486397;0.03887208;0.01501571,6499.75
8,3,ratioPercentage,3,Area,0.28,15,0.26880000000,0.96,0.01917154;1.040514;0.2444064,0.5180797;0.04325532;0.00405267,7160.219
8,3,ratioPercentage,4,Area,0.33,15,0.32340000000,0.98,0.01797754;1.042311;0.2427022,0.5097589;0.04205608;0.009652534,7171.094
8,3,ratioPercentage,5,Area,0.63,75,0.60480000000,0.96,0.01735651;1.04135;0.2410421,0.5116368;0.04121103;0.01636716,8440.844
8,3,ratioPercentage,6,Area,0.93,95,0.89280000000,0.96,0.01506299;1.0419;0.2389886,0.5145128;0.03494981;0.02070371,9341.5
8,3,ratioPercentage,7,Area,0.73,90,0.73730000000,1.01,-0.006636739;1.055588;0.2494431,0.494634;0.01785255;0.02804965,8946.844
8,3,ratioPercentage,8,Area,0.68,60,0.66640000000,0.98,0.003279865;1.040273;0.2595325,0.5140869;0.02429543;0.01543763,10242.88
8,3,ratioPercentage,9,Area,0.53,56,0.53000000000,1,0.002650499;1.039323;0.2609259,0.515195;0.02202994;0.01600093,8455.563
8,3,ratioPercentage,10,Area,0.58,46,0.58580000000,1.01,0.001122117;1.040939;0.2648603,0.5098099;0.01188327;0.02666215,6106.219
8,3,ratioPercentage,11,Area,0.43,35,0.43430000000,1.01,0.001714826;1.039294;0.2673437,0.5191517;0.01280977;0.03068014,6336.656
8,3,ratioPercentage,12,Area,0.08,5,0.08240000000,1.03,0.002805114;1.038262;0.2645208,0.5158476;0.01529006;0.03284095,7361.375
8,3,ratioPercentage,13,Area,0.38,20,0.36480000000,0.96,0.004392743;1.038303;0.2648889,0.5146737;0.01593348;0.03349419,5908.688
8,3,ratioPercentage,14,Area,0.88,90,0.87119991200,0.9899999,0.005030632;1.037033;0.2650226,0.5172982;0.01732246;0.03360983,8254.563
8,3,ratioPercentage,15,Area,0.78,90,0.80340000000,1.03,0.005009115;1.037922;0.2654644,0.5173487;0.01742075;0.03256796,7037.063
8,3,ratioPercentage,16,Area,0.18,10,0.18000000000,1,0.02163196;1.040793;0.3092399,0.5364126;0.05795878;-0.007396931,6177.688
8,3,ratioPercentage,17,Area,0.83,90,0.80510000000,0.97,0.009591699;1.041074;0.2551386,0.5393572;0.0341744;0.0167789,10018.88
9,1,ratioPercentage,0,Length,0.43,50,0.43000000000,1,-0.01974863;1.121832;-0.07387865,0.1756176;0.02738563;0.001935418,10878.81
9,1,ratioPercentage,1,Length,0.28,20,0.27160000000,0.97,-0.02464515;1.130226;-0.07948422,0.1550603;0.02438467;0.00373671,8827.625
9,1,ratioPercentage,2,Length,0.78,85,0.78000000000,1,-0.02802175;1.130779;-0.08164024,0.1580379;0.01701644;0.006362132,7271.844
9,1,ratioPercentage,3,Length,0.13,10,0.13000000000,1,-0.03114992;1.131105;-0.08346796,0.163117;0.01652646;0.004470853,12778.19
9,1,ratioPercentage,4,Length,0.38,75,0.37619996200,0.9899999,-0.03421015;1.130577;-0.08146656,0.1612829;0.005289729;0.007359587,7506.281
9,1,ratioPercentage,5,Length,0.63,90,0.62369993700,0.9899999,-0.03511375;1.130398;-0.08173084,0.1611178;0.007980118;0.007475001,11951.78
9,1,ratioPercentage,6,Length,0.58,75,0.55680000000,0.96,-0.0324114;1.12845;-0.07794452,0.1636923;0.007304533;0.004065701,10868.13
9,1,ratioPercentage,7,Length,0.23,20,0.22310000000,0.97,-0.03454393;1.127922;-0.07976902,0.1663309;0.005376577;0.002357485,10198.22
9,1,ratioPercentage,8,Length,0.68,80,0.64600000000,0.95,-0.03639477;1.128607;-0.08041823,0.1660187;0.004459992;0.00245056,13717.25
9,1,ratioPercentage,9,Length,0.73,90,0.73730000000,1.01,-0.01985973;1.111575;-0.07684898,0.2168748;0.04425671;-0.01379114,11437.16
9,1,ratioPercentage,10,Length,0.08,5,0.07840000000,0.98,-0.02176303;1.112035;-0.07576656,0.2149085;0.03982147;-0.01511936,10019.06
9,1,ratioPercentage,11,Length,0.18,10,0.17819998200,0.9899999,-0.02749163;1.112607;-0.0708825,0.2071587;0.02239376;-0.01501405,8411.5
9,1,ratioPercentage,12,Length,0.53,75,0.55120000000,1.04,-0.02657932;1.11162;-0.06864977,0.2070505;0.02168429;-0.01530802,5729.563
9,1,ratioPercentage,13,Length,0.93,100,0.93000000000,1,-0.02570635;1.110025;-0.06776065,0.2114649;0.02230719;-0.01867357,9673.156
9,1,ratioPercentage,14,Length,0.48,50,0.45600000000,0.95,-0.02555424;1.109197;-0.06525892,0.2101276;0.0218954;-0.01619731,3842.813
9,1,ratioPercentage,15,Length,0.33,25,0.32010000000,0.97,-0.02546805;1.108405;-0.06539005,0.2119649;0.02049669;-0.01890329,8354.813
9,1,ratioPercentage,16,Length,0.88,100,0.84480000000,0.96,-0.02543908;1.107386;-0.06377697,0.2132412;0.02030561;-0.01854258,9438.281
9,1,ratioPercentage,17,Length,0.83,100,0.86320000000,1.04,-0.02430636;1.105456;-0.06125164,0.217953;0.02074135;-0.01915883,8991.938
9,2,ratioPercentage,0,Area,0.23,20,0.21850000000,0.95,-0.03124183;1.09423;-0.0231896,0.2212311;0.05005548;-0.02791879,18475.03
9,2,ratioPercentage,1,Area,0.53,50,0.52469994700,0.9899999,-0.03391439;1.103638;-0.0322386,0.2042405;0.05641894;-0.005682972,5014.906
9,2,ratioPercentage,2,Area,0.18,20,0.18360000000,1.02,-0.03594428;1.092179;-0.03277266,0.2414067;0.06566842;-0.02009358,9461.781
9,2,ratioPercentage,3,Area,0.33,33,0.33990000000,1.03,-0.03557128;1.095266;-0.02658093,0.216635;0.06148671;-0.02601247,5115.406
9,2,ratioPercentage,4,Area,0.68,80,0.64600000000,0.95,-0.0329408;1.091557;-0.02897215,0.2362553;0.07503732;-0.02262278,12364.66
9,2,ratioPercentage,5,Area,0.63,80,0.65520000000,1.04,-0.03612548;1.094096;-0.02944547,0.2296286;0.06985056;-0.02247629,9282.469
9,2,ratioPercentage,6,Area,0.43,33,0.43430000000,1.01,-0.03608817;1.093645;-0.02823371,0.2311546;0.06597569;-0.02322185,7316.25
9,2,ratioPercentage,7,Area,0.48,50,0.49920000000,1.04,-0.03700072;1.093813;-0.02722371,0.2286868;0.06439546;-0.02522191,5025.938
9,2,ratioPercentage,8,Area,0.93,100,0.96720000000,1.04,-0.03673297;1.094169;-0.02613419,0.2263527;0.0652958;-0.02371641,9382.75
9,2,ratioPercentage,9,Area,0.78,90,0.78000000000,1,-0.03435212;1.092777;-0.02456975,0.2290529;0.07063071;-0.02799812,9058.875
9,2,ratioPercentage,10,Area,0.88,100,0.84480000000,0.96,-0.03587705;1.091968;-0.02525747,0.2350922;0.07013958;-0.02478669,8857.563
9,2,ratioPercentage,11,Area,0.28,20,0.29120000000,1.04,-0.03732926;1.093244;-0.02390182,0.2300524;0.06658041;-0.02385616,6522.938
9,2,ratioPercentage,12,Area,0.13,10,0.13520000000,1.04,-0.03703672;1.09264;-0.02293199,0.2304493;0.06507966;-0.02408548,6422.875
9,2,ratioPercentage,13,Area,0.73,85,0.73730000000,1.01,-0.03655404;1.092235;-0.02127522,0.229679;0.06559324;-0.02370434,7126.5
9,2,ratioPercentage,14,Area,0.08,10,0.07919999200,0.9899999,-0.03633684;1.091157;-0.02000678,0.2306888;0.06513034;-0.0234428,6601.125
9,2,ratioPercentage,15,Area,0.38,33,0.38380000000,1.01,-0.0357632;1.091135;-0.01978129,0.2299687;0.06547542;-0.02498473,9963.625
9,2,ratioPercentage,16,Area,0.83,85,0.83000000000,1,-0.04765576;1.074589;-0.02834976,0.3143595;0.04577142;-0.0185379,12924.56
9,2,ratioPercentage,17,Area,0.58,75,0.56840000000,0.98,0.03250986;1.069237;0.02236915,0.2979839;0.008721978;-0.02144924,5316.063
9,3,ratioPercentage,0,BarChart,0.33,33,0.34320000000,1.04,0.03286195;1.069582;0.02089196,0.2958847;0.01538462;-0.02419209,6489.75
9,3,ratioPercentage,1,BarChart,0.93,95,0.93930000000,1.01,0.03269041;1.068292;0.02099776,0.2971381;0.01408635;-0.01963557,7974.875
9,3,ratioPercentage,2,BarChart,0.83,85,0.84660000000,1.02,0.03526032;1.071235;0.0182116,0.2916939;0.02348926;-0.02632561,7148.563
9,3,ratioPercentage,3,BarChart,0.18,20,0.17819998200,0.9899999,0.03546369;1.071667;0.01643366,0.2895121;0.01977259;-0.03019337,8768.563
9,3,ratioPercentage,4,BarChart,0.68,75,0.68680000000,1.01,0.03477091;1.073762;0.01577145,0.2833063;0.01867097;-0.02806291,5986.813
9,3,ratioPercentage,5,BarChart,0.38,40,0.36480000000,0.96,0.03488153;1.073243;0.01593983,0.2843935;0.02301402;-0.02657386,6121.125
9,3,ratioPercentage,6,BarChart,0.88,85,0.85360000000,0.97,0.03566825;1.07362;0.01603842,0.2822824;0.02065555;-0.02831095,6969.938
9,3,ratioPercentage,7,BarChart,0.63,65,0.61740000000,0.98,0.03470415;1.072715;0.01690489,0.2840024;0.01999822;-0.02598896,5651.75
9,3,ratioPercentage,8,BarChart,0.78,75,0.78000000000,1,0.03351557;1.072834;0.01654357,0.2821866;0.01768226;-0.02385768,7037.063
9,3,ratioPercentage,9,BarChart,0.58,65,0.56840000000,0.98,0.03415471;1.072206;0.01711762,0.2822663;0.01870237;-0.02362531,8266.563
9,3,ratioPercentage,10,BarChart,0.08,10,0.08080000000,1.01,0.03408629;1.069975;0.01669538,0.2904758;0.01802029;-0.02388692,10510.31
9,3,ratioPercentage,11,BarChart,0.48,50,0.47519995200,0.9899999,0.03292227;1.068994;0.01787579,0.291391;0.01311927;-0.02303187,3842.188
9,3,ratioPercentage,12,BarChart,0.13,15,0.13520000000,1.04,0.03421921;1.069884;0.01732558,0.2884447;0.01687384;-0.02344442,10321.19
9,3,ratioPercentage,13,BarChart,0.28,20,0.27719997200,0.9899999,0.03351992;1.070702;0.01788265,0.2851374;0.01561501;-0.02124057,5941.938
9,3,ratioPercentage,14,BarChart,0.73,75,0.70810000000,0.97,0.03224117;1.070181;0.01884019,0.2849979;0.01273583;-0.01969685,5037.688
9,3,ratioPercentage,15,BarChart,0.23,20,0.22769997700,0.9899999,0.03453082;1.070798;0.01829028,0.281664;0.01554463;-0.02313084,6892.438
9,3,ratioPercentage,16,BarChart,0.43,50,0.44720000000,1.04,0.03815871;1.070446;0.01848853,0.2815394;0.01806238;-0.02939952,2277.938
9,3,ratioPercentage,17,BarChart,0.53,65,0.50350000000,0.95,0.03664732;1.070177;0.01912451,0.2818334;0.01753967;-0.02639198,4133.813
10,1,ratioPercentage,0,Area,0.38,19,0.37240000000,0.98,-0.0219698;1.09086;0.09637451,0.3818596;-0.005681382;0.01878676,8571.719
10,1,ratioPercentage,1,Area,0.83,75,0.83000000000,1,-0.05165017;1.114005;0.0852232,0.3240904;0.03687296;0.06414191,9874.109
10,1,ratioPercentage,2,Area,0.28,19,0.27440000000,0.98,-0.05972874;1.114782;0.08490014,0.3213225;0.02394763;0.07901046,6992.563
10,1,ratioPercentage,3,Area,0.63,41,0.59850000000,0.95,-0.06316209;1.115899;0.08369386,0.3182002;0.01745719;0.08738976,8310.188
10,1,ratioPercentage,4,Area,0.93,91,0.90210000000,0.97,-0.05057359;1.080069;0.07679415,0.2832087;0.0004085335;0.05807704,8891.359
10,1,ratioPercentage,5,Area,0.88,89,0.85360000000,0.97,-0.05320466;1.079358;0.07634693,0.2853524;-0.003397916;0.06265613,16229.56
10,1,ratioPercentage,6,Area,0.18,12,0.18360000000,1.02,-0.05088151;1.078778;0.07659769,0.2868398;0.003325119;0.05723093,5920.469
10,1,ratioPercentage,7,Area,0.53,25,0.54590000000,1.03,-0.05313516;1.08459;0.07300484,0.2681904;0.004265273;0.06455985,6601.203
10,1,ratioPercentage,8,Area,0.13,7,0.12610000000,0.97,-0.05285156;1.094322;0.06179255,0.23525;0.008422148;0.06662648,6635.281
10,1,ratioPercentage,9,Area,0.23,15,0.23230000000,1.01,-0.05359495;1.093157;0.06231362,0.2385981;0.005887575;0.06757373,10465.64
10,1,ratioPercentage,10,Area,0.08,5,0.08080000000,1.01,-0.002680421;1.055466;0.09530222,0.2989903;-0.04770489;0.04771526,7763.156
10,1,ratioPercentage,11,Area,0.78,72,0.78000000000,1,-0.007645965;1.05449;0.09609449,0.2984845;-0.0670155;0.05693379,6244.094
10,1,ratioPercentage,12,Area,0.68,49,0.65960000000,0.97,-0.02033818;1.063658;0.08714235,0.2782353;-0.06369126;0.0888365,16788.38
10,1,ratioPercentage,13,Area,0.73,65,0.72269992700,0.9899999,0.03571594;1.150611;0.1320004,0.3669233;-0.08206462;0.07322123,9483.094
10,1,ratioPercentage,14,Area,0.33,20,0.33000000000,1,0.05578923;1.176556;0.09589207,0.283509;-0.1095497;0.07214456,11203.09
10,1,ratioPercentage,15,Area,0.43,25,0.41710000000,0.97,0.05343068;1.181155;0.08548993,0.2693784;-0.1145062;0.0805384,5126.906
10,1,ratioPercentage,16,Area,0.48,28,0.47040000000,0.98,0.05294073;1.185453;0.08164716,0.2568433;-0.1143147;0.08006741,4747.125
10,1,ratioPercentage,17,Area,0.58,38,0.58580000000,1.01,0.05171961;1.187329;0.0789057,0.2491635;-0.1133625;0.08125559,3608.219
10,2,ratioPercentage,0,BarChart,0.63,60,0.64890000000,1.03,0.05171877;1.188879;0.07673788,0.2456321;-0.1161892;0.08327807,14877.75
10,2,ratioPercentage,1,BarChart,0.23,28,0.23000000000,1,-0.07169938;1.108292;0.1911734,0.4786499;0.1890853;-0.009204217,7707.438
10,2,ratioPercentage,2,BarChart,0.78,72,0.74880000000,0.96,-0.07780325;1.107472;0.1679419,0.4681963;0.1309166;0.0359795,6813.563
10,2,ratioPercentage,3,BarChart,0.38,28,0.37619996200,0.9899999,-0.0788461;1.107795;0.1675081,0.4673248;0.1294418;0.0412489,4390
10,2,ratioPercentage,4,BarChart,0.28,25,0.26880000000,0.96,-0.0803206;1.107985;0.1672568,0.4665254;0.1283933;0.04264982,4433.844
10,2,ratioPercentage,5,BarChart,0.13,12,0.12740000000,0.98,-0.08081996;1.107716;0.1668258,0.4666882;0.1276744;0.04494172,8411.344
10,2,ratioPercentage,6,BarChart,0.18,22,0.17640000000,0.98,-0.07414925;1.101785;0.1509339,0.4718141;0.08647955;0.02833287,26639.84
10,2,ratioPercentage,7,BarChart,0.73,69,0.75920000000,1.04,-0.1120061;1.091951;0.1472845,0.468542;0.07258757;0.1686222,8578.469
10,2,ratioPercentage,8,BarChart,0.53,50,0.50880000000,0.96,-0.1129254;1.091841;0.1489409,0.4667204;0.07228921;0.1709846,3697.25
10,2,ratioPercentage,9,BarChart,0.93,95,0.93930000000,1.01,-0.1130191;1.091306;0.149387,0.4669659;0.0717153;0.1694874,7852.25
10,2,ratioPercentage,10,BarChart,0.48,43,0.45600000000,0.95,-0.1125821;1.090667;0.1498496,0.4676982;0.07244276;0.1681603,2643.906
10,2,ratioPercentage,11,BarChart,0.08,5,0.07680000000,0.96,-0.1079355;1.088798;0.1519449,0.4740052;0.07321238;0.1599749,12554.59
10,2,ratioPercentage,12,BarChart,0.58,60,0.55680000000,0.96,-0.09075534;1.114689;0.3464285,0.5430696;0.03024;0.1020798,5260.844
10,2,ratioPercentage,13,BarChart,0.68,70,0.69360000000,1.02,-0.08870852;1.121617;0.2149109,0.441835;0.1417926;0.03350671,4244.219
10,2,ratioPercentage,14,BarChart,0.88,90,0.89760000000,1.02,-0.08942211;1.121527;0.2140251,0.4421492;0.1428394;0.0363899,6047.063
10,2,ratioPercentage,15,BarChart,0.83,86,0.80510000000,0.97,-0.08941829;1.121163;0.2137879,0.4436719;0.1425496;0.03718691,7595.188
10,2,ratioPercentage,16,BarChart,0.43,41,0.41710000000,0.97,-0.07606852;1.122713;0.2229245,0.412595;0.1857551;0.01207894,5384.219
10,2,ratioPercentage,17,BarChart,0.33,38,0.31350000000,0.95,-0.105;1.127635;0.1987365,0.4189389;0.1329455;0.06121605,4367.813
10,3,ratioPercentage,0,Length,0.68,62,0.65280000000,0.96,-0.07990408;1.116409;0.2208143,0.4533077;0.1558256;0.02238634,10353.81
10,3,ratioPercentage,1,Length,0.08,8,0.08000000000,1,-0.0838412;1.117675;0.2191055,0.4505797;0.1535125;0.02795657,8545.031
10,3,ratioPercentage,2,Length,0.23,18,0.22769997700,0.9899999,-0.1152132;1.091125;0.2159033,0.4758047;0.08547882;0.1470048,8578.5
10,3,ratioPercentage,3,Length,0.43,38,0.41280000000,0.96,-0.1164101;1.090493;0.216095,0.478187;0.08691978;0.1445249,7494.625
10,3,ratioPercentage,4,Length,0.63,69,0.62369993700,0.9899999,-0.117294;1.089883;0.2156662,0.4783598;0.08822823;0.1435727,6054.156
10,3,ratioPercentage,5,Length,0.53,58,0.51410000000,0.97,-0.1157541;1.088698;0.2167825,0.4798363;0.08926456;0.1399335,8165.094
10,3,ratioPercentage,6,Length,0.48,49,0.49920000000,1.04,-0.1154251;1.087311;0.2180191,0.4812005;0.09115961;0.1353998,7472.938
10,3,ratioPercentage,7,Length,0.38,35,0.36480000000,0.96,-0.05801845;1.08536;0.2738087,0.5007213;0.2795644;0.007528364,4914.5
10,3,ratioPercentage,8,Length,0.78,77,0.77219992200,0.9899999,-0.1304874;1.087714;0.2188962,0.4620397;0.08266331;0.1388728,8165.219
10,3,ratioPercentage,9,Length,0.18,16,0.18720000000,1.04,-0.1279442;1.085853;0.2243416,0.4662478;0.1038621;0.1173491,9226.125
10,3,ratioPercentage,10,Length,0.73,72,0.74460000000,1.02,-0.06573904;1.085868;0.2804601,0.488935;0.2627691;0.02263068,10455.09
10,3,ratioPercentage,11,Length,0.13,15,0.13000000000,1,-0.1103427;1.086106;0.251439,0.4725172;0.1766768;0.07923173,9326.938
10,3,ratioPercentage,12,Length,0.93,93,0.88350000000,0.95,-0.1145043;1.083842;0.2477123,0.4734879;0.1641818;0.07799929,9293.188
10,3,ratioPercentage,13,Length,0.33,29,0.32010000000,0.97,-0.04601765;1.051957;0.3406541,0.5547312;0.05497666;0.05154859,10678.63
10,3,ratioPercentage,14,Length,0.58,69,0.55680000000,0.96,-0.04507518;1.048693;0.3396012,0.5623056;0.05798843;0.03542578,11381.94
10,3,ratioPercentage,15,Length,0.88,91,0.90640000000,1.03,-0.0795958;1.065352;0.3259661,0.5190837;0.06864407;0.08032075,6511.938
10,3,ratioPercentage,16,Length,0.28,24,0.28560000000,1.02,-0.04987919;1.058389;0.3191542,0.5535741;0.09767368;0.03577333,13191.63
10,3,ratioPercentage,17,Length,0.83,76,0.84660000000,1.02,0.1133536;1.074834;0.3008413,0.4884189;-0.243203;0.124063,10231.88
11,1,ratioPercentage,0,BarChart,0.93,88,0.96720000000,1.04,-0.01342428;1.059087;0.09265631,0.3383709;0.01447152;0.06103617,11582.78
11,1,ratioPercentage,1,BarChart,0.38,35,0.39140000000,1.03,-0.01207912;1.070032;0.08467752,0.3103625;0.02053824;0.04262036,7227.094
11,1,ratioPercentage,2,BarChart,0.68,71,0.68680000000,1.01,-0.004354239;1.070366;0.07946968,0.3186877;0.02995982;0.01177831,9181.625
11,1,ratioPercentage,3,BarChart,0.53,48,0.52469994700,0.9899999,-0.004945636;1.07384;0.07725161,0.307005;0.03174577;0.01504769,5093.406
11,1,ratioPercentage,4,BarChart,0.48,40,0.47519995200,0.9899999,-0.001591325;1.070333;0.07774317,0.3195636;0.03752869;0.008937103,9025.813
11,1,ratioPercentage,5,BarChart,0.43,37,0.41280000000,0.96,0.001646876;1.069242;0.07695264,0.3238894;0.04448729;0.007858324,6545.375
11,1,ratioPercentage,6,BarChart,0.63,60,0.62369993700,0.9899999,-0.00339663;1.074194;0.07527363,0.3037209;0.03564478;0.01657781,6332.906
11,1,ratioPercentage,7,BarChart,0.78,70,0.78000000000,1,0.001511455;1.077495;0.07098234,0.2927898;0.04369517;0.003439291,6211.125
11,1,ratioPercentage,8,BarChart,0.33,30,0.33660000000,1.02,0.00270772;1.078663;0.07035583,0.2886935;0.04578444;0.00115384,6418.375
11,1,ratioPercentage,9,BarChart,0.28,30,0.28840000000,1.03,0.006478786;1.076715;0.07057387,0.2962225;0.05334641;-0.004954014,11006.41
11,1,ratioPercentage,10,BarChart,0.73,70,0.71540000000,0.98,0.0009844303;1.074556;0.07341605,0.3091701;0.05191327;-0.01092132,8064.344
11,1,ratioPercentage,11,BarChart,0.83,90,0.86320000000,1.04,-0.001050711;1.076843;0.07266295,0.3007949;0.04850893;-0.006797378,10332.53
11,1,ratioPercentage,12,BarChart,0.18,20,0.17640000000,0.98,0.001088738;1.081504;0.06985801,0.2834823;0.05431582;-0.01134276,10543.81
11,1,ratioPercentage,13,BarChart,0.08,9,0.08240000000,1.03,0.002360225;1.081209;0.06920314,0.2849827;0.0583346;-0.01501502,9729.313
11,1,ratioPercentage,14,BarChart,0.23,25,0.22310000000,0.97,0.004668713;1.082007;0.06941938,0.2804948;0.06339326;-0.02166398,13202.78
11,1,ratioPercentage,15,BarChart,0.88,90,0.91520000000,1.04,-0.004427791;1.078907;0.08324587,0.2866633;0.07546534;-0.01558753,10789.59
11,1,ratioPercentage,16,BarChart,0.13,15,0.13520000000,1.04,-0.01217353;1.08861;0.0814178,0.2521182;0.06279129;-0.01526869,7126.5
11,1,ratioPercentage,17,BarChart,0.58,60,0.57419994200,0.9899999,-0.01558363;1.083649;0.08146709,0.2745748;0.05402092;-0.01164572,5629.563
11,2,ratioPercentage,0,Length,0.78,61,0.78780000000,1.01,-0.0187434;1.096653;0.07417387,0.2264743;0.04645303;-0.01171846,9326.688
11,2,ratioPercentage,1,Length,0.33,30,0.33000000000,1,-0.01445413;1.094523;0.07408178,0.231585;0.05146606;-0.01870561,9617.125
11,2,ratioPercentage,2,Length,0.73,70,0.69350000000,0.95,-0.01613092;1.092315;0.07519227,0.2419047;0.04840389;-0.01355655,15157.94
11,2,ratioPercentage,3,Length,0.63,60,0.63630000000,1.01,-0.01524508;1.090445;0.07549328,0.2506884;0.05067166;0.0001640694,6869.094
11,2,ratioPercentage,4,Length,0.23,25,0.23000000000,1,-0.01631522;1.092;0.07475042,0.2451832;0.04897752;0.001809188,7617.594
11,2,ratioPercentage,5,Length,0.38,40,0.37240000000,0.98,-0.01581347;1.09551;0.07414263,0.2238882;0.06227322;-0.02475486,5495.875
11,2,ratioPercentage,6,Length,0.13,15,0.13520000000,1.04,-0.01115382;1.094066;0.07221925,0.232784;0.06804284;-0.03139542,10287.81
11,2,ratioPercentage,7,Length,0.48,40,0.47040000000,0.98,-0.01565242;1.097787;0.06647271,0.2223573;0.05673066;-0.01091765,4746.563
11,2,ratioPercentage,8,Length,0.93,93,0.93000000000,1,-0.01452899;1.090064;0.07042587,0.2526598;0.05790178;-0.01077482,13035.5
11,2,ratioPercentage,9,Length,0.68,74,0.66640000000,0.98,-0.02694702;1.090623;0.07628477,0.2519417;0.05534502;-0.01256366,7774.375
11,2,ratioPercentage,10,Length,0.18,30,0.17819998200,0.9899999,-0.02408385;1.092487;0.07472456,0.2442918;0.062015;-0.01911772,8287.5
11,2,ratioPercentage,11,Length,0.88,90,0.88000000000,1,-0.01867497;1.093202;0.07391077,0.241432;0.07801322;-0.03016596,10220.5
11,2,ratioPercentage,12,Length,0.43,40,0.43430000000,1.01,-0.01639903;1.090024;0.07506871,0.2537283;0.08386591;-0.03414135,6233.25
11,2,ratioPercentage,13,Length,0.58,60,0.59160000000,1.02,-0.02006578;1.092577;0.07336682,0.2444538;0.07675913;-0.02629892,5551.125
11,2,ratioPercentage,14,Length,0.53,50,0.51410000000,0.97,-0.02145374;1.09381;0.07251501,0.2399823;0.07558973;-0.02463298,4523.5
11,2,ratioPercentage,15,Length,0.83,92,0.80510000000,0.97,-0.02164507;1.093813;0.07221162,0.2395675;0.07498855;-0.02427195,11203.63
11,2,ratioPercentage,16,Length,0.08,5,0.08160000000,1.02,-0.0214144;1.089991;0.07667673,0.2490831;0.05575306;-0.02914136,9103.563
11,2,ratioPercentage,17,Length,0.28,30,0.27440000000,0.98,-0.02432477;1.099794;0.06818587,0.2146514;0.05982126;-0.02991185,5696.375
11,3,ratioPercentage,0,Area,0.18,10,0.18000000000,1,-0.02217221;1.090846;0.07248002,0.2508251;0.06243861;-0.03031351,9181.625
11,3,ratioPercentage,1,Area,0.23,12,0.23230000000,1.01,-0.01788473;1.097888;0.06689972,0.2234753;0.06842318;-0.03954838,8690.688
11,3,ratioPercentage,2,Area,0.38,20,0.36480000000,0.96,-0.01699829;1.090031;0.0739792,0.2450614;0.08673793;-0.02769179,7516.563
11,3,ratioPercentage,3,Area,0.93,85,0.90210000000,0.97,-0.02464926;1.091359;0.07536834,0.2398253;0.05701546;-0.01324083,8846.375
11,3,ratioPercentage,4,Area,0.58,39,0.55680000000,0.96,-0.01235044;1.093812;0.06664634,0.236298;0.07875354;-0.04081518,4446.313
11,3,ratioPercentage,5,Area,0.63,55,0.65520000000,1.04,-0.01925957;1.094638;0.06588686,0.2353238;0.06260067;-0.02752148,10767.19
11,3,ratioPercentage,6,Area,0.83,80,0.78850000000,0.95,-0.01584268;1.092214;0.06511652,0.2437102;0.06967736;-0.03719623,11281.56
11,3,ratioPercentage,7,Area,0.53,35,0.51410000000,0.97,-0.01309741;1.093894;0.06432015,0.2377634;0.07493608;-0.04102801,5562.625
11,3,ratioPercentage,8,Area,0.78,66,0.78000000000,1,-0.0134598;1.094157;0.06402457,0.2371695;0.07565748;-0.03933516,4646.375
11,3,ratioPercentage,9,Area,0.48,45,0.48000000000,1,-0.01325393;1.094678;0.06341058,0.2355654;0.07509553;-0.03974153,3462.875
11,3,ratioPercentage,10,Area,0.73,64,0.72269992700,0.9899999,-0.01331818;1.094466;0.06286997,0.2355885;0.07661349;-0.04058979,7897.25
11,3,ratioPercentage,11,Area,0.88,82,0.88880000000,1.01,-0.01294076;1.090095;0.06584603,0.2553869;0.0829135;-0.03172957,8623.313
11,3,ratioPercentage,12,Area,0.08,1,0.08240000000,1.03,-0.02572668;1.090424;0.06967175,0.2526103;0.0560394;-0.00177502,9438.125
11,3,ratioPercentage,13,Area,0.43,14,0.41710000000,0.97,-0.02507532;1.093165;0.06552196,0.2436898;0.05588426;-0.006137717,9751.313
11,3,ratioPercentage,14,Area,0.28,15,0.28280000000,1.01,-0.02269518;1.095218;0.06432235,0.2352536;0.0613031;-0.01129986,6378
11,3,ratioPercentage,15,Area,0.13,5,0.13390000000,1.03,-0.01975954;1.095993;0.0638395,0.2310111;0.06575383;-0.01744656,6713.063
11,3,ratioPercentage,16,Area,0.68,70,0.67319993200,0.9899999,-0.02044404;1.103554;0.05732757,0.1989288;0.06826589;-0.02332505,16106.81
11,3,ratioPercentage,17,Area,0.33,32,0.33660000000,1.02,-0.0154959;1.099059;0.06092507,0.2192212;0.08185676;-0.03093353,5027.063
12,1,ratioPercentage,0,Length,0.63,65,0.59850000000,0.95,-0.06016093;1.117705;0.1034209,0.2451693;0.07538775;-0.02458468,16431.25
12,1,ratioPercentage,1,Length,0.08,7,0.08320000000,1.04,-0.06471425;1.114616;0.1043135,0.2590009;0.08690923;-0.02162568,10711.5
12,1,ratioPercentage,2,Length,0.73,70,0.75190000000,1.03,-0.06470197;1.115227;0.102196,0.2584046;0.08608609;-0.02232334,15403.31
12,1,ratioPercentage,3,Length,0.23,25,0.22310000000,0.97,-0.06392044;1.125434;0.09440666,0.2324105;0.08361673;-0.01780957,13928.94
12,1,ratioPercentage,4,Length,0.18,20,0.18720000000,1.04,-0.06647843;1.123842;0.09540123,0.2374527;0.07468196;-0.01666979,10946.31
12,1,ratioPercentage,5,Length,0.28,35,0.27719997200,0.9899999,-0.06991512;1.123848;0.09412342,0.235893;0.09872843;-0.01664784,11180.94
12,1,ratioPercentage,6,Length,0.43,40,0.44720000000,1.04,-0.06769079;1.123042;0.09497386,0.2399696;0.07067896;-0.01069781,9416.563
12,1,ratioPercentage,7,Length,0.38,40,0.36860000000,0.97,-0.04924268;1.126353;0.09376943,0.2291017;-0.008161359;0.01012919,6366.625
12,1,ratioPercentage,8,Length,0.33,36,0.33990000000,1.03,-0.0557825;1.128149;0.08963066,0.2235206;0.06899759;-0.01837397,6031.5
12,1,ratioPercentage,9,Length,0.48,45,0.49440000000,1.03,-0.07143921;1.126971;0.09167659,0.2305282;0.09269764;-0.0129106,12856.56
12,1,ratioPercentage,10,Length,0.83,90,0.78850000000,0.95,-0.07330328;1.127629;0.09073436,0.2289444;0.117485;-0.01811713,19804.19
12,1,ratioPercentage,11,Length,0.68,71,0.67319993200,0.9899999,-0.07177991;1.132142;0.08754778,0.2154964;0.09320718;-0.01189065,16732.19
12,1,ratioPercentage,12,Length,0.78,70,0.78000000000,1,-0.1071623;1.139576;0.08997762,0.1966261;0.1266951;0.02052817,12979.75
12,1,ratioPercentage,13,Length,0.88,86,0.90640000000,1.03,-0.08844715;1.133408;0.07727981,0.2114306;0.08576836;-0.03251802,23199.5
12,1,ratioPercentage,14,Length,0.93,96,0.93930000000,1.01,-0.09328002;1.130549;0.07575166,0.2188413;0.08200368;-0.03191368,12755.88
12,1,ratioPercentage,15,Length,0.58,40,0.59740000000,1.03,-0.08982235;1.137714;0.07182485,0.1969892;0.03144453;0.003278631,9751.375
12,1,ratioPercentage,16,Length,0.53,40,0.50880000000,0.96,-0.1100282;1.138412;0.07545507,0.198428;0.1519608;-0.0248567,6109.813
12,1,ratioPercentage,17,Length,0.13,16,0.12869998700,0.9899999,-0.09434491;1.138332;0.06823957,0.1985716;0.02967081;0.005960489,11110.56
12,2,ratioPercentage,0,Area,0.13,10,0.12740000000,0.98,-0.0606119;1.135069;0.07391119,0.2056118;0.02249784;-0.0275223,13474.19
12,2,ratioPercentage,1,Area,0.73,60,0.75920000000,1.04,-0.09677416;1.133136;0.06850684,0.2114932;0.01999953;-0.00989237,14666.38
12,2,ratioPercentage,2,Area,0.18,15,0.17280000000,0.96,-0.1221532;1.132095;0.08598441,0.2131114;0.2018247;-0.0413112,10030.31
12,2,ratioPercentage,3,Area,0.08,5,0.08160000000,1.02,-0.1120654;1.138012;0.07176977,0.1977573;0.1214221;-0.01689553,7305.375
12,2,ratioPercentage,4,Area,0.48,20,0.48480000000,1.01,-0.09998816;1.143212;0.06380332,0.1796769;0.09083887;-0.01117671,18228.63
12,2,ratioPercentage,5,Area,0.58,40,0.56260000000,0.97,-0.1181437;1.131044;0.1130509,0.2220641;0.1883669;-0.03405596,6869.5
12,2,ratioPercentage,6,Area,0.33,20,0.33990000000,1.03,-0.09838217;1.133676;0.08803284,0.2142478;0.1158029;-0.02824701,15983.94
12,2,ratioPercentage,7,Area,0.88,85,0.88880000000,1.01,-0.1012905;1.120162;0.09383756,0.2554857;0.1217313;-0.03475643,22741.81
12,2,ratioPercentage,8,Area,0.63,40,0.63630000000,1.01,-0.09828788;1.14285;0.08105093,0.178812;0.1446353;-0.01716056,8176.375
12,2,ratioPercentage,9,Area,0.68,55,0.67319993200,0.9899999,-0.08426458;1.132631;0.0946629,0.2146631;0.1504253;-0.04627034,27120.38
12,2,ratioPercentage,10,Area,0.78,65,0.77219992200,0.9899999,-0.08066672;1.128328;0.09071571,0.2267987;0.1598228;-0.03458441,11292.63
12,2,ratioPercentage,11,Area,0.53,35,0.54590000000,1.03,-0.03935772;1.128262;0.09714627,0.2245383;-0.06576762;0.003771212,8924.938
12,2,ratioPercentage,12,Area,0.38,22,0.36100000000,0.95,-0.1105606;1.138886;0.08526134,0.1903739;0.2017496;-0.05768798,14018
12,2,ratioPercentage,13,Area,0.83,81,0.83830000000,1.01,-0.08932275;1.130751;0.0864467,0.2267856;0.1265626;-0.03196288,10086.38
12,2,ratioPercentage,14,Area,0.93,86,0.88350000000,0.95,-0.06626672;1.125198;0.1002321,0.2391239;0.08185688;-0.04585171,10655.88
12,2,ratioPercentage,15,Area,0.28,20,0.29120000000,1.04,-0.1069987;1.135341;0.1035694,0.2123709;0.1936461;0.005196752,17179.38
12,2,ratioPercentage,16,Area,0.43,35,0.43430000000,1.01,-0.09050888;1.130077;0.07659882,0.211024;0.03565168;0.02480279,5841.813
12,2,ratioPercentage,17,Area,0.23,18,0.22080000000,0.96,-0.1106336;1.129936;0.08841407,0.2155171;0.2220503;-0.02024039,11739.19
12,3,ratioPercentage,0,BarChart,0.73,70,0.69350000000,0.95,-0.1181497;1.134904;0.09007442,0.2068338;0.1973339;-0.008084684,7942.125
12,3,ratioPercentage,1,BarChart,0.93,90,0.90210000000,0.97,-0.09883982;1.134001;0.07761931,0.2050112;0.02911285;0.02568182,10645.81
12,3,ratioPercentage,2,BarChart,0.08,8,0.07600000000,0.95,-0.08777291;1.121113;0.08914238,0.251498;0.1361552;-0.01544205,9839.5
12,3,ratioPercentage,3,BarChart,0.53,45,0.50350000000,0.95,-0.1001382;1.121376;0.09741819,0.2498008;0.1012972;0.03761512,15046
12,3,ratioPercentage,4,BarChart,0.78,70,0.76440000000,0.98,-0.01768333;1.128259;0.08364844,0.2069243;0.0278346;-0.009315588,6981.125
12,3,ratioPercentage,5,BarChart,0.58,50,0.59740000000,1.03,-0.01394981;1.119721;0.09149045,0.2321333;0.001885208;-0.005632974,5417.375
12,3,ratioPercentage,6,BarChart,0.83,75,0.81340000000,0.98,0.001747429;1.137981;0.08265901,0.1652328;-0.02361869;0.000414484,12096.63
12,3,ratioPercentage,7,BarChart,0.23,20,0.23690000000,1.03,0.0184173;1.111609;0.1022758,0.2523614;-0.0405568;-0.003490284,7461.75
12,3,ratioPercentage,8,BarChart,0.13,15,0.12869998700,0.9899999,0.03625172;1.131709;0.1561057,0.1753286;-0.0703115;-0.002472587,10410.13
12,3,ratioPercentage,9,BarChart,0.63,60,0.64890000000,1.03,-0.007271707;1.118271;0.08121473,0.2344157;0.03970941;-0.01689081,8064.875
12,3,ratioPercentage,10,BarChart,0.48,45,0.49920000000,1.04,0.02693874;1.126216;0.105835,0.2107565;-0.07638348;0.004323988,6992
12,3,ratioPercentage,11,BarChart,0.68,65,0.66640000000,0.98,-0.09137863;1.137078;0.09131676,0.1982274;0.1284923;-0.03938553,11013.63
12,3,ratioPercentage,12,BarChart,0.18,20,0.17460000000,0.97,-0.1048059;1.115682;0.1074878,0.2558745;0.2189123;-0.04318718,8388.5
12,3,ratioPercentage,13,BarChart,0.28,30,0.26600000000,0.95,-0.1057603;1.113726;0.1059245,0.2647795;0.135112;-0.005235968,8612.375
12,3,ratioPercentage,14,BarChart,0.33,35,0.34320000000,1.04,-0.1115184;1.114928;0.1110848,0.2596529;0.1895395;-0.01177272,9103.25
12,3,ratioPercentage,15,BarChart,0.38,40,0.39140000000,1.03,-0.04329306;1.119982;0.1154981,0.2420734;0.02833614;0.03225362,24082.25
12,3,ratioPercentage,16,BarChart,0.88,80,0.83600000000,0.95,-0.04846233;1.124471;0.07915801,0.2297223;0.0536149;-0.02153323,16944.25
12,3,ratioPercentage,17,BarChart,0.43,44,0.41280000000,0.96,-0.08346552;1.121946;0.08723962,0.2489904;0.1293231;-0.03949426,5261
13,1,ratioPercentage,0,Area,0.23,7,0.22540000000,0.98,-0.001382232;1.1285;0.1515126,0.3786168;0.02468121;-0.007946452,24294.59
13,1,ratioPercentage,1,Area,0.48,25,0.48960000000,1.02,0.0009816885;1.113758;0.1694474,0.4313373;0.03680818;0.004684035,12231.78
13,1,ratioPercentage,2,Area,0.28,12,0.29120000000,1.04,0.004926801;1.116571;0.1897949,0.39932;0.0456424;-0.01415568,11727.56
13,1,ratioPercentage,3,Area,0.18,8,0.18360000000,1.02,-0.009798884;1.111465;0.1807949,0.433461;0.007816993;0.01799564,12498.81
13,1,ratioPercentage,4,Area,0.88,95,0.86240000000,0.98,-0.009466708;1.131939;0.1570532,0.4089701;0.04174811;0.002950104,18821.44
13,1,ratioPercentage,5,Area,0.43,23,0.44720000000,1.04,-0.01512378;1.133173;0.1568692,0.393255;0.02197478;0.01611321,9572.875
13,1,ratioPercentage,6,Area,0.73,85,0.73730000000,1.01,0.01259404;1.119036;0.2087827,0.4789423;0.04147386;0.00138258,17279.5
13,1,ratioPercentage,7,Area,0.08,2,0.07840000000,0.98,-0.00862813;1.106142;0.1782693,0.4511139;0.02105226;0.01650955,21747.41
13,1,ratioPercentage,8,Area,0.83,85,0.81340000000,0.98,-0.02084255;1.092079;0.1794527,0.3988093;0.07331761;-0.0388249,18866
13,1,ratioPercentage,9,Area,0.58,29,0.57419994200,0.9899999,-0.008822024;1.099259;0.1837046,0.4600662;0.04853796;0.00018208,17078.5
13,1,ratioPercentage,10,Area,0.93,98,0.93930000000,1.01,-0.01275098;1.082935;0.1919696,0.4390855;0.04369158;-0.02397704,18787.81
13,1,ratioPercentage,11,Area,0.13,5,0.13390000000,1.03,-0.01854807;1.113614;0.1610568,0.4140841;0.02557182;-0.01431823,11662
13,1,ratioPercentage,12,Area,0.53,27,0.50350000000,0.95,-0.01801419;1.104079;0.1641899,0.4359893;0.0193555;-0.0103602,9236.563
13,1,ratioPercentage,13,Area,0.78,78,0.74880000000,0.96,-0.02051169;1.104138;0.1602273,0.438063;0.03033646;-0.01301303,20697.88
13,1,ratioPercentage,14,Area,0.68,70,0.68000000000,1,-0.02141041;1.107685;0.1796355,0.4485324;-0.004952132;-0.002957641,9446.625
13,1,ratioPercentage,15,Area,0.33,15,0.31350000000,0.95,-0.01292115;1.099125;0.1890123,0.4616615;0.02782243;-0.003918113,13943.19
13,1,ratioPercentage,16,Area,0.38,17,0.36860000000,0.97,-0.009073317;1.095787;0.1835128,0.4651955;0.04229056;-0.002631844,10935
13,1,ratioPercentage,17,Area,0.63,35,0.62369993700,0.9899999,-0.03675342;1.092569;0.1831549,0.4631753;-0.05065021;0.04735214,7372.313
13,2,ratioPercentage,0,BarChart,0.58,55,0.55100000000,0.95,-0.0002290606;1.084545;0.1876808,0.4796545;0.04310291;-0.01362866,11683.75
13,2,ratioPercentage,1,BarChart,0.73,70,0.75920000000,1.04,-0.001718402;1.08709;0.2000768,0.4759587;0.02623221;0.006088017,11940.44
13,2,ratioPercentage,2,BarChart,0.63,60,0.63630000000,1.01,-0.01020867;1.099621;0.1997473,0.4339409;0.0149059;-0.005876292,10533
13,2,ratioPercentage,3,BarChart,0.28,30,0.29120000000,1.04,-0.01196831;1.083073;0.1921611,0.4882515;0.0211113;0.009939552,8131.563
13,2,ratioPercentage,4,BarChart,0.38,35,0.37240000000,0.98,-0.01211977;1.086214;0.1889743,0.4872579;0.02465504;0.01210737,13404.06
13,2,ratioPercentage,5,BarChart,0.78,75,0.81120000000,1.04,-0.01344144;1.09357;0.1794029,0.4819083;0.02848807;0.01259979,15447.69
13,2,ratioPercentage,6,BarChart,0.13,10,0.12610000000,0.97,-0.02223617;1.149766;0.1169922,0.3850831;0.009631832;0.01415498,11873.44
13,2,ratioPercentage,7,BarChart,0.68,70,0.65960000000,0.97,0.01742041;1.14274;0.1122484,0.3855264;0.04037673;-0.02398072,11415.81
13,2,ratioPercentage,8,BarChart,0.53,50,0.53530000000,1.01,0.01072377;1.126809;0.1282401,0.4222908;0.02363752;-0.0001634279,6590.25
13,2,ratioPercentage,9,BarChart,0.23,22,0.23690000000,1.03,0.02139699;1.102009;0.1806035,0.4738427;0.02438772;-0.01915609,11783.94
13,2,ratioPercentage,10,BarChart,0.88,87,0.88000000000,1,0.00800544;1.110193;0.172931,0.4600775;0.01382051;0.003236017,10756.94
13,2,ratioPercentage,11,BarChart,0.33,38,0.33000000000,1,0.02779794;1.118529;0.1577972,0.4545385;0.05385685;-0.03453932,7606.688
13,2,ratioPercentage,12,BarChart,0.43,43,0.44290000000,1.03,0.01670825;1.119866;0.1512527,0.4389437;0.02149306;-0.003573259,9628.375
13,2,ratioPercentage,13,BarChart,0.93,92,0.88350000000,0.95,0.004069626;1.118966;0.1550527,0.4452789;-0.03011747;0.01963999,8902.063
13,2,ratioPercentage,14,BarChart,0.83,85,0.81340000000,0.98,0.03078294;1.120951;0.1366287,0.4378161;0.1080214;-0.04345453,11427.06
13,2,ratioPercentage,15,BarChart,0.48,47,0.46080000000,0.96,0.002716959;1.110362;0.149857,0.4586553;0.01157876;0.003023395,5830.625
13,2,ratioPercentage,16,BarChart,0.08,8,0.08320000000,1.04,0.02188802;1.110255;0.1466314,0.4564847;0.05859486;-0.03047757,8566.813
13,2,ratioPercentage,17,BarChart,0.18,15,0.18180000000,1.01,0.02819234;1.144234;0.1381223,0.3545738;0.07741424;-0.02958371,9081.688
13,3,ratioPercentage,0,Length,0.73,60,0.69350000000,0.95,0.04558086;1.091608;0.2674007,0.5653136;-0.02986915;-0.01178442,11359.31
13,3,ratioPercentage,1,Length,0.78,75,0.74880000000,0.96,0.01604682;1.153499;0.1769952,0.4342029;0.02298355;0.01392428,15849.75
13,3,ratioPercentage,2,Length,0.48,40,0.48960000000,1.02,-0.02507329;1.123756;0.1782871,0.4266439;0.06189838;0.0312293,7148.938
13,3,ratioPercentage,3,Length,0.38,33,0.38760000000,1.02,-0.02902281;1.124819;0.1706054,0.4327012;0.06033087;0.03168456,7160.188
13,3,ratioPercentage,4,Length,0.93,95,0.93000000000,1,0.0305258;1.109657;0.2057256,0.4899487;0.07182226;-0.02580703,21188.56
13,3,ratioPercentage,5,Length,0.88,96,0.89760000000,1.02,-0.02996773;1.133135;0.1539456,0.4006181;0.07900995;0.01573168,16274.38
13,3,ratioPercentage,6,Length,0.28,27,0.28000000000,1,-0.07898718;1.136906;0.1639753,0.386504;0.04192874;0.09094217,7897.188
13,3,ratioPercentage,7,Length,0.43,37,0.43860000000,1.02,-0.07011372;1.134343;0.1568929,0.4017142;0.07859664;0.03920993,9505.75
13,3,ratioPercentage,8,Length,0.08,8,0.07600000000,0.95,-0.02811569;1.119105;0.1638894,0.4325098;0.06411874;-0.01559,14978.69
13,3,ratioPercentage,9,Length,0.23,22,0.23460000000,1.02,-0.03233051;1.104904;0.1680912,0.4465284;0.05721053;0.007715848,15280.5
13,3,ratioPercentage,10,Length,0.83,80,0.84660000000,1.02,-0.0316534;1.137092;0.132486,0.3959897;0.08037961;0.01511434,11091.69
13,3,ratioPercentage,11,Length,0.58,49,0.59160000000,1.02,-0.02474445;1.110802;0.166467,0.4451241;0.05149046;0.01368795,4601.563
13,3,ratioPercentage,12,Length,0.63,63,0.63000000000,1,0.005337358;1.096883;0.2200558,0.4683146;0.03827075;-0.00353725,6143.625
13,3,ratioPercentage,13,Length,0.68,80,0.66640000000,0.98,-0.001374841;1.103517;0.1952756,0.4476234;0.04998865;0.00413518,13526.56
13,3,ratioPercentage,14,Length,0.33,28,0.34320000000,1.04,-0.005786598;1.131681;0.1630991,0.3953348;0.08856038;-0.009546281,8534
13,3,ratioPercentage,15,Length,0.18,13,0.17819998200,0.9899999,-0.0434339;1.124111;0.1729117,0.4115333;0.08668136;-0.0005912522,10663.81
13,3,ratioPercentage,16,Length,0.53,49,0.53000000000,1,-0.03703052;1.078685;0.1875433,0.468659;0.1091464;0.008503475,7093.25
13,3,ratioPercentage,17,Length,0.13,11,0.13000000000,1,-0.06872076;1.084241;0.1803775,0.4446642;0.00321533;0.05903986,12904.19